1000,-900,900,900,0
-2000,-1000,1000,-800,600
2000,-1000,900,-1200,-300
-3000,3000,-10,-10,100
600,3000,300,30,-8000
1000,-901.055276381909,900.502512562814,900,0
-1992.46231155779,-1000,999.497487437186,-802.010050251256,598.994974874372
1984.92462311558,-1000,900.502512562814,-1197.98994974874,-294.472361809045
-2981.90954773869,3000,-8.44221105527638,-10,59.2964824120603
581.909547738694,3000,298.341708542714,30,-7959.29648241206
1000,-902.110552763819,901.005025125628,900,0
-1984.92462311558,-1000,998.994974874372,-804.020100502513,597.989949748744
1969.84924623116,-1000,901.005025125628,-1195.97989949749,-288.94472361809
-2963.81909547739,3000,-6.88442211055276,-10,18.5929648241206
563.819095477387,3000,296.683417085427,30,-7918.59296482412
1000,-903.165829145729,901.507537688442,900,0
-1977.38693467337,-1000,998.492462311558,-806.030150753769,596.984924623116
1954.77386934673,-1000,901.507537688442,-1193.96984924623,-283.417085427136
-2945.72864321608,3000,-5.32663316582915,-10,-22.1105527638191
545.72864321608,3000,295.025125628141,30,-7877.88944723618
1000,-904.221105527638,902.010050251256,900,0
-1969.84924623116,-1000,997.989949748744,-808.040201005025,595.979899497487
1939.69849246231,-1000,902.010050251256,-1191.95979899497,-277.889447236181
-2927.63819095477,3000,-3.76884422110553,-10,-62.8140703517588
527.638190954774,3000,293.366834170854,30,-7837.18592964824
1000,-905.276381909548,902.51256281407,900,0
-1962.31155778894,-1000,997.48743718593,-810.050251256281,594.974874371859
1924.62311557789,-1000,902.51256281407,-1189.94974874372,-272.361809045226
-2909.54773869347,3000,-2.21105527638191,-10,-103.517587939699
509.547738693467,3000,291.708542713568,30,-7796.4824120603
1000,-906.331658291457,903.015075376884,900,0
-1954.77386934673,-1000,996.984924623116,-812.060301507538,593.969849246231
1909.54773869347,-1000,903.015075376884,-1187.93969849246,-266.834170854271
-2891.45728643216,3000,-0.653266331658291,-10,-144.221105527638
491.457286432161,3000,290.050251256281,30,-7755.77889447236
1000,-907.386934673367,903.517587939699,900,0
-1947.23618090452,-1000,996.482412060301,-814.070351758794,592.964824120603
1894.47236180905,-1000,903.517587939699,-1185.92964824121,-261.306532663317
-2873.36683417085,3000,0.904522613065327,-10,-184.924623115578
473.366834170854,3000,288.391959798995,30,-7715.07537688442
1000,-908.442211055276,904.020100502513,900,0
-1939.69849246231,-1000,995.979899497487,-816.08040201005,591.959798994975
1879.39698492462,-1000,904.020100502513,-1183.91959798995,-255.778894472362
-2855.27638190955,3000,2.46231155778895,-10,-225.628140703518
455.276381909548,3000,286.733668341709,30,-7674.37185929648
1000,-909.497487437186,904.522613065327,900,0
-1932.1608040201,-1000,995.477386934673,-818.090452261306,590.954773869347
1864.3216080402,-1000,904.522613065327,-1181.90954773869,-250.251256281407
-2837.18592964824,3000,4.02010050251256,-10,-266.331658291457
437.185929648241,3000,285.075376884422,30,-7633.66834170854
1000,-910.552763819096,905.025125628141,900,0
-1924.62311557789,-1000,994.974874371859,-820.100502512563,589.949748743719
1849.24623115578,-1000,905.025125628141,-1179.89949748744,-244.723618090452
-2819.09547738693,3000,5.57788944723618,-10,-307.035175879397
419.095477386935,3000,283.417085427136,30,-7592.9648241206
1000,-911.608040201005,905.527638190955,900,0
-1917.08542713568,-1000,994.472361809045,-822.110552763819,588.944723618091
1834.17085427136,-1000,905.527638190955,-1177.88944723618,-239.195979899497
-2801.00502512563,3000,7.1356783919598,-10,-347.738693467337
401.005025125628,3000,281.758793969849,30,-7552.26130653266
1000,-912.663316582915,906.030150753769,900,0
-1909.54773869347,-1000,993.969849246231,-824.120603015075,587.939698492462
1819.09547738693,-1000,906.030150753769,-1175.87939698492,-233.668341708543
-2782.91457286432,3000,8.69346733668342,-10,-388.442211055276
382.914572864322,3000,280.100502512563,30,-7511.55778894472
1000,-913.718592964824,906.532663316583,900,0
-1902.01005025126,-1000,993.467336683417,-826.130653266332,586.934673366834
1804.02010050251,-1000,906.532663316583,-1173.86934673367,-228.140703517588
-2764.82412060302,3000,10.251256281407,-10,-429.145728643216
364.824120603015,3000,278.442211055276,30,-7470.85427135678
1000,-914.773869346734,907.035175879397,900,0
-1894.47236180905,-1000,992.964824120603,-828.140703517588,585.929648241206
1788.94472361809,-1000,907.035175879397,-1171.85929648241,-222.613065326633
-2746.73366834171,3000,11.8090452261307,-10,-469.849246231156
346.733668341709,3000,276.78391959799,30,-7430.15075376884
1000,-915.829145728643,907.537688442211,900,0
-1886.93467336683,-1000,992.462311557789,-830.150753768844,584.924623115578
1773.86934673367,-1000,907.537688442211,-1169.84924623116,-217.085427135678
-2728.6432160804,3000,13.3668341708543,-10,-510.552763819096
328.643216080402,3000,275.125628140703,30,-7389.4472361809
1000,-916.884422110553,908.040201005025,900,0
-1879.39698492462,-1000,991.959798994975,-832.1608040201,583.91959798995
1758.79396984925,-1000,908.040201005025,-1167.8391959799,-211.557788944724
-2710.5527638191,3000,14.9246231155779,-10,-551.256281407035
310.552763819096,3000,273.467336683417,30,-7348.74371859296
1000,-917.939698492462,908.542713567839,900,0
-1871.85929648241,-1000,991.457286432161,-834.170854271357,582.914572864322
1743.71859296482,-1000,908.542713567839,-1165.82914572864,-206.030150753769
-2692.46231155779,3000,16.4824120603015,-10,-591.959798994975
292.462311557789,3000,271.809045226131,30,-7308.04020100502
1000,-918.994974874372,909.045226130653,900,0
-1864.3216080402,-1000,990.954773869347,-836.180904522613,581.909547738694
1728.6432160804,-1000,909.045226130653,-1163.81909547739,-200.502512562814
-2674.37185929648,3000,18.0402010050251,-10,-632.663316582915
274.371859296482,3000,270.150753768844,30,-7267.33668341709
1000,-920.050251256281,909.547738693467,900,0
-1856.78391959799,-1000,990.452261306533,-838.190954773869,580.904522613065
1713.56783919598,-1000,909.547738693467,-1161.80904522613,-194.974874371859
-2656.28140703518,3000,19.5979899497487,-10,-673.366834170854
256.281407035176,3000,268.492462311558,30,-7226.63316582915
1000,-921.105527638191,910.050251256281,900,0
-1849.24623115578,-1000,989.949748743719,-840.201005025126,579.899497487437
1698.49246231156,-1000,910.050251256281,-1159.79899497487,-189.447236180904
-2638.19095477387,3000,21.1557788944724,-10,-714.070351758794
238.190954773869,3000,266.834170854271,30,-7185.92964824121
1000,-922.1608040201,910.552763819096,900,0
-1841.70854271357,-1000,989.447236180904,-842.211055276382,578.894472361809
1683.41708542714,-1000,910.552763819096,-1157.78894472362,-183.91959798995
-2620.10050251256,3000,22.713567839196,-10,-754.773869346734
220.100502512563,3000,265.175879396985,30,-7145.22613065327
1000,-923.21608040201,911.055276381909,900,0
-1834.17085427136,-1000,988.944723618091,-844.221105527638,577.889447236181
1668.34170854271,-1000,911.055276381909,-1155.77889447236,-178.391959798995
-2602.01005025126,3000,24.2713567839196,-10,-795.477386934673
202.010050251256,3000,263.517587939699,30,-7104.52261306533
1000,-924.27135678392,911.557788944724,900,0
-1826.63316582915,-1000,988.442211055276,-846.231155778895,576.884422110553
1653.26633165829,-1000,911.557788944724,-1153.76884422111,-172.86432160804
-2583.91959798995,3000,25.8291457286432,-10,-836.180904522613
183.91959798995,3000,261.859296482412,30,-7063.81909547739
1000,-925.326633165829,912.060301507538,900,0
-1819.09547738693,-1000,987.939698492462,-848.241206030151,575.879396984925
1638.19095477387,-1000,912.060301507538,-1151.75879396985,-167.336683417085
-2565.82914572864,3000,27.3869346733668,-10,-876.884422110553
165.829145728643,3000,260.201005025126,30,-7023.11557788945
1000,-926.381909547739,912.562814070352,900,0
-1811.55778894472,-1000,987.437185929648,-850.251256281407,574.874371859297
1623.11557788945,-1000,912.562814070352,-1149.74874371859,-161.809045226131
-2547.73869346734,3000,28.9447236180905,-10,-917.587939698493
147.738693467337,3000,258.542713567839,30,-6982.41206030151
1000,-927.437185929648,913.065326633166,900,0
-1804.02010050251,-1000,986.934673366834,-852.261306532663,573.869346733668
1608.04020100503,-1000,913.065326633166,-1147.73869346734,-156.281407035176
-2529.64824120603,3000,30.5025125628141,-10,-958.291457286432
129.64824120603,3000,256.884422110553,30,-6941.70854271357
1000,-928.492462311558,913.56783919598,900,0
-1796.4824120603,-1000,986.43216080402,-854.27135678392,572.86432160804
1592.9648241206,-1000,913.56783919598,-1145.72864321608,-150.753768844221
-2511.55778894472,3000,32.0603015075377,-10,-998.994974874372
111.557788944724,3000,255.226130653266,30,-6901.00502512563
1000,-929.547738693467,914.070351758794,900,0
-1788.94472361809,-1000,985.929648241206,-856.281407035176,571.859296482412
1577.88944723618,-1000,914.070351758794,-1143.71859296482,-145.226130653266
-2493.46733668342,3000,33.6180904522613,-10,-1039.69849246231
93.4673366834171,3000,253.56783919598,30,-6860.30150753769
1000,-930.603015075377,914.572864321608,900,0
-1781.40703517588,-1000,985.427135678392,-858.291457286432,570.854271356784
1562.81407035176,-1000,914.572864321608,-1141.70854271357,-139.698492462312
-2475.37688442211,3000,35.1758793969849,-10,-1080.40201005025
75.3768844221106,3000,251.909547738693,30,-6819.59798994975
1000,-931.658291457286,915.075376884422,900,0
-1773.86934673367,-1000,984.924623115578,-860.301507537688,569.849246231156
1547.73869346734,-1000,915.075376884422,-1139.69849246231,-134.170854271357
-2457.2864321608,3000,36.7336683417085,-10,-1121.10552763819
57.2864321608041,3000,250.251256281407,30,-6778.89447236181
1000,-932.713567839196,915.577889447236,900,0
-1766.33165829146,-1000,984.422110552764,-862.311557788945,568.844221105528
1532.66331658291,-1000,915.577889447236,-1137.68844221106,-128.643216080402
-2439.1959798995,3000,38.2914572864322,-10,-1161.80904522613
39.1959798994975,3000,248.592964824121,30,-6738.19095477387
1000,-933.768844221105,916.08040201005,900,0
-1758.79396984925,-1000,983.91959798995,-864.321608040201,567.8391959799
1517.58793969849,-1000,916.08040201005,-1135.6783919598,-123.115577889447
-2421.10552763819,3000,39.8492462311558,-10,-1202.51256281407
21.105527638191,3000,246.934673366834,30,-6697.48743718593
1000,-934.824120603015,916.582914572864,900,0
-1751.25628140704,-1000,983.417085427136,-866.331658291457,566.834170854271
1502.51256281407,-1000,916.582914572864,-1133.66834170854,-117.587939698492
-2403.01507537688,3000,41.4070351758794,-10,-1243.21608040201
3.01507537688451,3000,245.276381909548,30,-6656.78391959799
1000,-935.879396984925,917.085427135678,900,0
-1743.71859296482,-1000,982.914572864322,-868.341708542714,565.829145728643
1487.43718592965,-1000,917.085427135678,-1131.65829145729,-112.060301507538
-2384.92462311558,3000,42.964824120603,-10,-1283.91959798995
-15.0753768844221,3000,243.618090452261,30,-6616.08040201005
1000,-936.934673366834,917.587939698493,900,0
-1736.18090452261,-1000,982.412060301507,-870.35175879397,564.824120603015
1472.36180904523,-1000,917.587939698493,-1129.64824120603,-106.532663316583
-2366.83417085427,3000,44.5226130653266,-10,-1324.62311557789
-33.1658291457286,3000,241.959798994975,30,-6575.37688442211
1000,-937.989949748744,918.090452261306,900,0
-1728.6432160804,-1000,981.909547738694,-872.361809045226,563.819095477387
1457.2864321608,-1000,918.090452261306,-1127.63819095477,-101.005025125628
-2348.74371859296,3000,46.0804020100503,-10,-1365.32663316583
-51.2562814070351,3000,240.301507537688,30,-6534.67336683417
1000,-939.045226130653,918.592964824121,900,0
-1721.10552763819,-1000,981.407035175879,-874.371859296482,562.814070351759
1442.21105527638,-1000,918.592964824121,-1125.62814070352,-95.4773869346733
-2330.65326633166,3000,47.6381909547739,-10,-1406.03015075377
-69.3467336683417,3000,238.643216080402,30,-6493.96984924623
1000,-940.100502512563,919.095477386935,900,0
-1713.56783919598,-1000,980.904522613065,-876.381909547739,561.809045226131
1427.13567839196,-1000,919.095477386935,-1123.61809045226,-89.9497487437186
-2312.56281407035,3000,49.1959798994975,-10,-1446.73366834171
-87.4371859296482,3000,236.984924623116,30,-6453.26633165829
1000,-941.155778894472,919.597989949749,900,0
-1706.03015075377,-1000,980.402010050251,-878.391959798995,560.804020100502
1412.06030150754,-1000,919.597989949749,-1121.608040201,-84.4221105527638
-2294.47236180905,3000,50.7537688442211,-10,-1487.43718592965
-105.527638190955,3000,235.326633165829,30,-6412.56281407035
1000,-942.211055276382,920.100502512563,900,0
-1698.49246231156,-1000,979.899497487437,-880.402010050251,559.798994974874
1396.98492462312,-1000,920.100502512563,-1119.59798994975,-78.894472361809
-2276.38190954774,3000,52.3115577889447,-10,-1528.14070351759
-123.618090452261,3000,233.668341708543,30,-6371.85929648241
1000,-943.266331658292,920.603015075377,900,0
-1690.95477386935,-1000,979.396984924623,-882.412060301507,558.793969849246
1381.90954773869,-1000,920.603015075377,-1117.58793969849,-73.3668341708542
-2258.29145728643,3000,53.8693467336683,-10,-1568.84422110553
-141.708542713568,3000,232.010050251256,30,-6331.15577889447
1000,-944.321608040201,921.105527638191,900,0
-1683.41708542714,-1000,978.894472361809,-884.422110552764,557.788944723618
1366.83417085427,-1000,921.105527638191,-1115.57788944724,-67.8391959798995
-2240.20100502513,3000,55.427135678392,-10,-1609.54773869347
-159.798994974874,3000,230.35175879397,30,-6290.45226130653
1000,-945.376884422111,921.608040201005,900,0
-1675.87939698492,-1000,978.391959798995,-886.43216080402,556.78391959799
1351.75879396985,-1000,921.608040201005,-1113.56783919598,-62.3115577889447
-2222.11055276382,3000,56.9849246231156,-10,-1650.25125628141
-177.889447236181,3000,228.693467336683,30,-6249.74874371859
1000,-946.43216080402,922.110552763819,900,0
-1668.34170854271,-1000,977.889447236181,-888.442211055276,555.778894472362
1336.68341708543,-1000,922.110552763819,-1111.55778894472,-56.7839195979899
-2204.02010050251,3000,58.5427135678392,-10,-1690.95477386935
-195.979899497487,3000,227.035175879397,30,-6209.04522613065
1000,-947.48743718593,922.613065326633,900,0
-1660.8040201005,-1000,977.386934673367,-890.452261306533,554.773869346734
1321.608040201,-1000,922.613065326633,-1109.54773869347,-51.2562814070351
-2185.92964824121,3000,60.1005025125628,-10,-1731.65829145729
-214.070351758794,3000,225.376884422111,30,-6168.34170854271
1000,-948.542713567839,923.115577889447,900,0
-1653.26633165829,-1000,976.884422110553,-892.462311557789,553.768844221105
1306.53266331658,-1000,923.115577889447,-1107.53768844221,-45.7286432160804
-2167.8391959799,3000,61.6582914572864,-10,-1772.36180904523
-232.1608040201,3000,223.718592964824,30,-6127.63819095477
1000,-949.597989949749,923.618090452261,900,0
-1645.72864321608,-1000,976.381909547739,-894.472361809045,552.763819095477
1291.45728643216,-1000,923.618090452261,-1105.52763819095,-40.2010050251256
-2149.74874371859,3000,63.21608040201,-10,-1813.06532663317
-250.251256281407,3000,222.060301507538,30,-6086.93467336683
1000,-950.653266331658,924.120603015075,900,0
-1638.19095477387,-1000,975.879396984925,-896.482412060301,551.758793969849
1276.38190954774,-1000,924.120603015075,-1103.5175879397,-34.6733668341708
-2131.65829145729,3000,64.7738693467337,-10,-1853.76884422111
-268.341708542713,3000,220.402010050251,30,-6046.23115577889
1000,-951.708542713568,924.623115577889,900,0
-1630.65326633166,-1000,975.376884422111,-898.492462311558,550.753768844221
1261.30653266332,-1000,924.623115577889,-1101.50753768844,-29.145728643216
-2113.56783919598,3000,66.3316582914573,-10,-1894.47236180905
-286.43216080402,3000,218.743718592965,30,-6005.52763819096
1000,-952.763819095477,925.125628140703,900,0
-1623.11557788945,-1000,974.874371859297,-900.502512562814,549.748743718593
1246.23115577889,-1000,925.125628140703,-1099.49748743719,-23.6180904522613
-2095.47738693467,3000,67.8894472361809,-10,-1935.17587939699
-304.522613065327,3000,217.085427135678,30,-5964.82412060302
1000,-953.819095477387,925.628140703518,900,0
-1615.57788944724,-1000,974.371859296482,-902.51256281407,548.743718592965
1231.15577889447,-1000,925.628140703518,-1097.48743718593,-18.0904522613065
-2077.38693467337,3000,69.4472361809045,-10,-1975.87939698492
-322.613065326633,3000,215.427135678392,30,-5924.12060301508
1000,-954.874371859297,926.130653266332,900,0
-1608.04020100503,-1000,973.869346733668,-904.522613065327,547.738693467337
1216.08040201005,-1000,926.130653266332,-1095.47738693467,-12.5628140703517
-2059.29648241206,3000,71.0050251256282,-10,-2016.58291457286
-340.70351758794,3000,213.768844221106,30,-5883.41708542714
1000,-955.929648241206,926.633165829146,900,0
-1600.50251256281,-1000,973.366834170854,-906.532663316583,546.733668341709
1201.00502512563,-1000,926.633165829146,-1093.46733668342,-7.03517587939695
-2041.20603015075,3000,72.5628140703518,-10,-2057.2864321608
-358.793969849246,3000,212.110552763819,30,-5842.7135678392
1000,-956.984924623116,927.13567839196,900,0
-1592.9648241206,-1000,972.86432160804,-908.542713567839,545.72864321608
1185.92964824121,-1000,927.13567839196,-1091.45728643216,-1.5075376884422
-2023.11557788945,3000,74.1206030150754,-10,-2097.98994974874
-376.884422110553,3000,210.452261306533,30,-5802.01005025126
1000,-958.040201005025,927.638190954774,900,0
-1585.42713567839,-1000,972.361809045226,-910.552763819096,544.723618090452
1170.85427135678,-1000,927.638190954774,-1089.4472361809,4.02010050251261
-2005.02512562814,3000,75.678391959799,-10,-2138.69346733668
-394.974874371859,3000,208.793969849246,30,-5761.30653266332
1000,-959.095477386935,928.140703517588,900,0
-1577.88944723618,-1000,971.859296482412,-912.562814070352,543.718592964824
1155.77889447236,-1000,928.140703517588,-1087.43718592965,9.54773869346735
-1986.93467336683,3000,77.2361809045226,-10,-2179.39698492462
-413.065326633166,3000,207.13567839196,30,-5720.60301507538
1000,-960.150753768844,928.643216080402,900,0
-1570.35175879397,-1000,971.356783919598,-914.572864321608,542.713567839196
1140.70351758794,-1000,928.643216080402,-1085.42713567839,15.0753768844222
-1968.84422110553,3000,78.7939698492462,-10,-2220.10050251256
-431.155778894472,3000,205.477386934673,30,-5679.89949748744
1000,-961.206030150754,929.145728643216,900,0
-1562.81407035176,-1000,970.854271356784,-916.582914572864,541.708542713568
1125.62814070352,-1000,929.145728643216,-1083.41708542714,20.6030150753769
-1950.75376884422,3000,80.3517587939699,-10,-2260.8040201005
-449.246231155779,3000,203.819095477387,30,-5639.1959798995
1000,-962.261306532663,929.64824120603,900,0
-1555.27638190955,-1000,970.35175879397,-918.592964824121,540.70351758794
1110.5527638191,-1000,929.64824120603,-1081.40703517588,26.1306532663317
-1932.66331658291,3000,81.9095477386935,-10,-2301.50753768844
-467.336683417085,3000,202.1608040201,30,-5598.49246231156
1000,-963.316582914573,930.150753768844,900,0
-1547.73869346734,-1000,969.849246231156,-920.603015075377,539.698492462312
1095.47738693467,-1000,930.150753768844,-1079.39698492462,31.6582914572865
-1914.57286432161,3000,83.4673366834171,-10,-2342.21105527638
-485.427135678392,3000,200.502512562814,30,-5557.78894472362
1000,-964.371859296482,930.653266331658,900,0
-1540.20100502513,-1000,969.346733668342,-922.613065326633,538.693467336683
1080.40201005025,-1000,930.653266331658,-1077.38693467337,37.1859296482413
-1896.4824120603,3000,85.0251256281407,-10,-2382.91457286432
-503.517587939698,3000,198.844221105528,30,-5517.08542713568
1000,-965.427135678392,931.155778894472,900,0
-1532.66331658291,-1000,968.844221105528,-924.623115577889,537.688442211055
1065.32663316583,-1000,931.155778894472,-1075.37688442211,42.713567839196
-1878.391959799,3000,86.5829145728643,-10,-2423.61809045226
-521.608040201005,3000,197.185929648241,30,-5476.38190954774
1000,-966.482412060301,931.658291457286,900,0
-1525.1256281407,-1000,968.341708542714,-926.633165829146,536.683417085427
1050.25125628141,-1000,931.658291457286,-1073.36683417085,48.2412060301508
-1860.30150753769,3000,88.140703517588,-10,-2464.3216080402
-539.698492462311,3000,195.527638190955,30,-5435.6783919598
1000,-967.537688442211,932.1608040201,900,0
-1517.58793969849,-1000,967.8391959799,-928.643216080402,535.678391959799
1035.17587939698,-1000,932.1608040201,-1071.3567839196,53.7688442211056
-1842.21105527638,3000,89.6984924623116,-10,-2505.02512562814
-557.788944723618,3000,193.869346733668,30,-5394.97487437186
1000,-968.592964824121,932.663316582915,900,0
-1510.05025125628,-1000,967.336683417085,-930.653266331658,534.673366834171
1020.10050251256,-1000,932.663316582915,-1069.34673366834,59.2964824120603
-1824.12060301508,3000,91.2562814070352,-10,-2545.72864321608
-575.879396984925,3000,192.211055276382,30,-5354.27135678392
1000,-969.64824120603,933.165829145729,900,0
-1502.51256281407,-1000,966.834170854271,-932.663316582915,533.668341708543
1005.02512562814,-1000,933.165829145729,-1067.33668341709,64.8241206030151
-1806.03015075377,3000,92.8140703517588,-10,-2586.43216080402
-593.969849246231,3000,190.552763819095,30,-5313.56783919598
1000,-970.70351758794,933.668341708543,900,0
-1494.97487437186,-1000,966.331658291457,-934.673366834171,532.663316582915
989.949748743719,-1000,933.668341708543,-1065.32663316583,70.3517587939699
-1787.93969849246,3000,94.3718592964824,-10,-2627.13567839196
-612.060301507538,3000,188.894472361809,30,-5272.86432160804
1000,-971.758793969849,934.170854271357,900,0
-1487.43718592965,-1000,965.829145728643,-936.683417085427,531.658291457286
974.874371859296,-1000,934.170854271357,-1063.31658291457,75.8793969849247
-1769.84924623116,3000,95.929648241206,-10,-2667.8391959799
-630.150753768844,3000,187.236180904523,30,-5232.1608040201
1000,-972.814070351759,934.673366834171,900,0
-1479.89949748744,-1000,965.326633165829,-938.693467336683,530.653266331658
959.798994974874,-1000,934.673366834171,-1061.30653266332,81.4070351758794
-1751.75879396985,3000,97.4874371859297,-10,-2708.54271356784
-648.241206030151,3000,185.577889447236,30,-5191.45728643216
1000,-973.869346733668,935.175879396985,900,0
-1472.36180904523,-1000,964.824120603015,-940.70351758794,529.64824120603
944.723618090452,-1000,935.175879396985,-1059.29648241206,86.9346733668342
-1733.66834170854,3000,99.0452261306533,-10,-2749.24623115578
-666.331658291457,3000,183.91959798995,30,-5150.75376884422
1000,-974.924623115578,935.678391959799,900,0
-1464.82412060302,-1000,964.321608040201,-942.713567839196,528.643216080402
929.64824120603,-1000,935.678391959799,-1057.2864321608,92.462311557789
-1715.57788944724,3000,100.603015075377,-10,-2789.94974874372
-684.422110552764,3000,182.261306532663,30,-5110.05025125628
1000,-975.979899497487,936.180904522613,900,0
-1457.2864321608,-1000,963.819095477387,-944.723618090452,527.638190954774
914.572864321608,-1000,936.180904522613,-1055.27638190955,97.9899497487438
-1697.48743718593,3000,102.160804020101,-10,-2830.65326633166
-702.51256281407,3000,180.603015075377,30,-5069.34673366834
1000,-977.035175879397,936.683417085427,900,0
-1449.74874371859,-1000,963.316582914573,-946.733668341708,526.633165829146
899.497487437186,-1000,936.683417085427,-1053.26633165829,103.517587939699
-1679.39698492462,3000,103.718592964824,-10,-2871.3567839196
-720.603015075377,3000,178.94472361809,30,-5028.6432160804
1000,-978.090452261306,937.185929648241,900,0
-1442.21105527638,-1000,962.814070351759,-948.743718592965,525.628140703518
884.422110552764,-1000,937.185929648241,-1051.25628140704,109.045226130653
-1661.30653266332,3000,105.276381909548,-10,-2912.06030150754
-738.693467336683,3000,177.286432160804,30,-4987.93969849246
1000,-979.145728643216,937.688442211055,900,0
-1434.67336683417,-1000,962.311557788945,-950.753768844221,524.623115577889
869.346733668342,-1000,937.688442211055,-1049.24623115578,114.572864321608
-1643.21608040201,3000,106.834170854271,-10,-2952.76381909548
-756.78391959799,3000,175.628140703518,30,-4947.23618090452
1000,-980.201005025126,938.190954773869,900,0
-1427.13567839196,-1000,961.809045226131,-952.763819095477,523.618090452261
854.27135678392,-1000,938.190954773869,-1047.23618090452,120.100502512563
-1625.1256281407,3000,108.391959798995,-10,-2993.46733668342
-774.874371859296,3000,173.969849246231,30,-4906.53266331658
1000,-981.256281407035,938.693467336683,900,0
-1419.59798994975,-1000,961.306532663317,-954.773869346734,522.613065326633
839.195979899497,-1000,938.693467336683,-1045.22613065327,125.628140703518
-1607.0351758794,3000,109.949748743719,-10,-3034.17085427136
-792.964824120603,3000,172.311557788945,30,-4865.82914572864
1000,-982.311557788945,939.195979899498,900,0
-1412.06030150754,-1000,960.804020100502,-956.78391959799,521.608040201005
824.120603015075,-1000,939.195979899498,-1043.21608040201,131.155778894472
-1588.94472361809,3000,111.507537688442,-10,-3074.8743718593
-811.055276381909,3000,170.653266331658,30,-4825.1256281407
1000,-983.366834170854,939.698492462312,900,0
-1404.52261306533,-1000,960.301507537688,-958.793969849246,520.603015075377
809.045226130653,-1000,939.698492462312,-1041.20603015075,136.683417085427
-1570.85427135678,3000,113.065326633166,-10,-3115.57788944724
-829.145728643216,3000,168.994974874372,30,-4784.42211055276
1000,-984.422110552764,940.201005025126,900,0
-1396.98492462312,-1000,959.798994974874,-960.804020100502,519.597989949749
793.969849246231,-1000,940.201005025126,-1039.1959798995,142.211055276382
-1552.76381909548,3000,114.623115577889,-10,-3156.28140703518
-847.236180904522,3000,167.336683417085,30,-4743.71859296482
1000,-985.477386934673,940.70351758794,900,0
-1389.4472361809,-1000,959.29648241206,-962.814070351759,518.592964824121
778.894472361809,-1000,940.70351758794,-1037.18592964824,147.738693467337
-1534.67336683417,3000,116.180904522613,-10,-3196.98492462312
-865.326633165829,3000,165.678391959799,30,-4703.01507537688
1000,-986.532663316583,941.206030150754,900,0
-1381.90954773869,-1000,958.793969849246,-964.824120603015,517.587939698493
763.819095477387,-1000,941.206030150754,-1035.17587939699,153.266331658292
-1516.58291457286,3000,117.738693467337,-10,-3237.68844221106
-883.417085427136,3000,164.020100502513,30,-4662.31155778894
1000,-987.587939698492,941.708542713568,900,0
-1374.37185929648,-1000,958.291457286432,-966.834170854271,516.582914572864
748.743718592965,-1000,941.708542713568,-1033.16582914573,158.793969849246
-1498.49246231156,3000,119.29648241206,-10,-3278.391959799
-901.507537688442,3000,162.361809045226,30,-4621.608040201
1000,-988.643216080402,942.211055276382,900,0
-1366.83417085427,-1000,957.788944723618,-968.844221105528,515.577889447236
733.668341708543,-1000,942.211055276382,-1031.15577889447,164.321608040201
-1480.40201005025,3000,120.854271356784,-10,-3319.09547738693
-919.597989949749,3000,160.70351758794,30,-4580.90452261307
1000,-989.698492462312,942.713567839196,900,0
-1359.29648241206,-1000,957.286432160804,-970.854271356784,514.572864321608
718.592964824121,-1000,942.713567839196,-1029.14572864322,169.849246231156
-1462.31155778894,3000,122.412060301508,-10,-3359.79899497487
-937.688442211055,3000,159.045226130653,30,-4540.20100502513
1000,-990.753768844221,943.21608040201,900,0
-1351.75879396985,-1000,956.78391959799,-972.86432160804,513.56783919598
703.517587939698,-1000,943.21608040201,-1027.13567839196,175.376884422111
-1444.22110552764,3000,123.969849246231,-10,-3400.50251256281
-955.778894472362,3000,157.386934673367,30,-4499.49748743719
1000,-991.809045226131,943.718592964824,900,0
-1344.22110552764,-1000,956.281407035176,-974.874371859297,512.562814070352
688.442211055276,-1000,943.718592964824,-1025.1256281407,180.904522613065
-1426.13065326633,3000,125.527638190955,-10,-3441.20603015075
-973.869346733668,3000,155.72864321608,30,-4458.79396984925
1000,-992.86432160804,944.221105527638,900,0
-1336.68341708543,-1000,955.778894472362,-976.884422110553,511.557788944724
673.366834170854,-1000,944.221105527638,-1023.11557788945,186.43216080402
-1408.04020100503,3000,127.085427135678,-10,-3481.90954773869
-991.959798994975,3000,154.070351758794,30,-4418.09045226131
1000,-993.91959798995,944.723618090452,900,0
-1329.14572864322,-1000,955.276381909548,-978.894472361809,510.552763819096
658.291457286432,-1000,944.723618090452,-1021.10552763819,191.959798994975
-1389.94974874372,3000,128.643216080402,-10,-3522.61306532663
-1010.05025125628,3000,152.412060301508,30,-4377.38693467337
1000,-994.974874371859,945.226130653266,900,0
-1321.608040201,-1000,954.773869346734,-980.904522613065,509.547738693467
643.21608040201,-1000,945.226130653266,-1019.09547738693,197.48743718593
-1371.85929648241,3000,130.201005025126,-10,-3563.31658291457
-1028.14070351759,3000,150.753768844221,30,-4336.68341708543
1000,-996.030150753769,945.72864321608,900,0
-1314.07035175879,-1000,954.27135678392,-982.914572864322,508.542713567839
628.140703517588,-1000,945.72864321608,-1017.08542713568,203.015075376884
-1353.76884422111,3000,131.758793969849,-10,-3604.02010050251
-1046.23115577889,3000,149.095477386935,30,-4295.97989949749
1000,-997.085427135678,946.231155778895,900,0
-1306.53266331658,-1000,953.768844221105,-984.924623115578,507.537688442211
613.065326633166,-1000,946.231155778895,-1015.07537688442,208.542713567839
-1335.6783919598,3000,133.316582914573,-10,-3644.72361809045
-1064.3216080402,3000,147.437185929648,30,-4255.27638190955
1000,-998.140703517588,946.733668341708,900,0
-1298.99497487437,-1000,953.266331658292,-986.934673366834,506.532663316583
597.989949748744,-1000,946.733668341708,-1013.06532663317,214.070351758794
-1317.58793969849,3000,134.874371859297,-10,-3685.42713567839
-1082.41206030151,3000,145.778894472362,30,-4214.57286432161
1000,-999.195979899498,947.236180904523,900,0
-1291.45728643216,-1000,952.763819095477,-988.94472361809,505.527638190955
582.914572864322,-1000,947.236180904523,-1011.05527638191,219.597989949749
-1299.49748743719,3000,136.43216080402,-10,-3726.13065326633
-1100.50251256281,3000,144.120603015075,30,-4173.86934673367
1000,-1000.25125628141,947.738693467337,900,0
-1283.91959798995,-1000,952.261306532663,-990.954773869347,504.522613065327
567.839195979899,-1000,947.738693467337,-1009.04522613065,225.125628140704
-1281.40703517588,3000,137.989949748744,-10,-3766.83417085427
-1118.59296482412,3000,142.462311557789,30,-4133.16582914573
1000,-1001.30653266332,948.241206030151,900,0
-1276.38190954774,-1000,951.758793969849,-992.964824120603,503.517587939699
552.763819095477,-1000,948.241206030151,-1007.0351758794,230.653266331658
-1263.31658291457,3000,139.547738693467,-10,-3807.53768844221
-1136.68341708543,3000,140.804020100502,30,-4092.46231155779
1000,-1002.36180904523,948.743718592965,900,0
-1268.84422110553,-1000,951.256281407035,-994.974874371859,502.51256281407
537.688442211055,-1000,948.743718592965,-1005.02512562814,236.180904522613
-1245.22613065327,3000,141.105527638191,-10,-3848.24120603015
-1154.77386934673,3000,139.145728643216,30,-4051.75879396985
1000,-1003.41708542714,949.246231155779,900,0
-1261.30653266332,-1000,950.753768844221,-996.984924623116,501.507537688442
522.613065326633,-1000,949.246231155779,-1003.01507537688,241.708542713568
-1227.13567839196,3000,142.663316582915,-10,-3888.94472361809
-1172.86432160804,3000,137.48743718593,30,-4011.05527638191
1000,-1004.47236180905,949.748743718593,900,0
-1253.76884422111,-1000,950.251256281407,-998.994974874372,500.502512562814
507.537688442211,-1000,949.748743718593,-1001.00502512563,247.236180904523
-1209.04522613065,3000,144.221105527638,-10,-3929.64824120603
-1190.95477386935,3000,135.829145728643,30,-3970.35175879397
1000,-1005.52763819095,950.251256281407,900,0
-1246.23115577889,-1000,949.748743718593,-1001.00502512563,499.497487437186
492.462311557789,-1000,950.251256281407,-998.994974874372,252.763819095477
-1190.95477386935,3000,145.778894472362,-10,-3970.35175879397
-1209.04522613065,3000,134.170854271357,30,-3929.64824120603
1000,-1006.58291457286,950.753768844221,900,0
-1238.69346733668,-1000,949.246231155779,-1003.01507537688,498.492462311558
477.386934673367,-1000,950.753768844221,-996.984924623116,258.291457286432
-1172.86432160804,3000,147.336683417085,-10,-4011.05527638191
-1227.13567839196,3000,132.51256281407,30,-3888.94472361809
1000,-1007.63819095477,951.256281407035,900,0
-1231.15577889447,-1000,948.743718592965,-1005.02512562814,497.48743718593
462.311557788945,-1000,951.256281407035,-994.974874371859,263.819095477387
-1154.77386934673,3000,148.894472361809,-10,-4051.75879396985
-1245.22613065327,3000,130.854271356784,30,-3848.24120603015
1000,-1008.69346733668,951.758793969849,900,0
-1223.61809045226,-1000,948.241206030151,-1007.0351758794,496.482412060301
447.236180904523,-1000,951.758793969849,-992.964824120603,269.346733668342
-1136.68341708543,3000,150.452261306533,-10,-4092.46231155779
-1263.31658291457,3000,129.195979899497,30,-3807.53768844221
1000,-1009.74874371859,952.261306532663,900,0
-1216.08040201005,-1000,947.738693467337,-1009.04522613065,495.477386934673
432.1608040201,-1000,952.261306532663,-990.954773869347,274.874371859297
-1118.59296482412,3000,152.010050251256,-10,-4133.16582914573
-1281.40703517588,3000,127.537688442211,30,-3766.83417085427
1000,-1010.8040201005,952.763819095477,900,0
-1208.54271356784,-1000,947.236180904523,-1011.05527638191,494.472361809045
417.085427135678,-1000,952.763819095477,-988.944723618091,280.402010050251
-1100.50251256281,3000,153.56783919598,-10,-4173.86934673367
-1299.49748743719,3000,125.879396984925,30,-3726.13065326633
1000,-1011.85929648241,953.266331658291,900,0
-1201.00502512563,-1000,946.733668341709,-1013.06532663317,493.467336683417
402.010050251256,-1000,953.266331658291,-986.934673366834,285.929648241206
-1082.41206030151,3000,155.125628140704,-10,-4214.57286432161
-1317.58793969849,3000,124.221105527638,30,-3685.42713567839
1000,-1012.91457286432,953.768844221105,900,0
-1193.46733668342,-1000,946.231155778895,-1015.07537688442,492.462311557789
386.934673366834,-1000,953.768844221105,-984.924623115578,291.457286432161
-1064.3216080402,3000,156.683417085427,-10,-4255.27638190955
-1335.6783919598,3000,122.562814070352,30,-3644.72361809045
1000,-1013.96984924623,954.27135678392,900,0
-1185.92964824121,-1000,945.72864321608,-1017.08542713568,491.457286432161
371.859296482412,-1000,954.27135678392,-982.914572864322,296.984924623116
-1046.23115577889,3000,158.241206030151,-10,-4295.97989949749
-1353.76884422111,3000,120.904522613065,30,-3604.02010050251
1000,-1015.02512562814,954.773869346734,900,0
-1178.391959799,-1000,945.226130653266,-1019.09547738693,490.452261306533
356.78391959799,-1000,954.773869346734,-980.904522613065,302.51256281407
-1028.14070351759,3000,159.798994974874,-10,-4336.68341708543
-1371.85929648241,3000,119.246231155779,30,-3563.31658291457
1000,-1016.08040201005,955.276381909548,900,0
-1170.85427135678,-1000,944.723618090452,-1021.10552763819,489.447236180904
341.708542713568,-1000,955.276381909548,-978.894472361809,308.040201005025
-1010.05025125628,3000,161.356783919598,-10,-4377.38693467337
-1389.94974874372,3000,117.587939698492,30,-3522.61306532663
1000,-1017.13567839196,955.778894472362,900,0
-1163.31658291457,-1000,944.221105527638,-1023.11557788945,488.442211055276
326.633165829146,-1000,955.778894472362,-976.884422110553,313.56783919598
-991.959798994975,3000,162.914572864322,-10,-4418.09045226131
-1408.04020100502,3000,115.929648241206,30,-3481.90954773869
1000,-1018.19095477387,956.281407035176,900,0
-1155.77889447236,-1000,943.718592964824,-1025.1256281407,487.437185929648
311.557788944724,-1000,956.281407035176,-974.874371859297,319.095477386935
-973.869346733668,3000,164.472361809045,-10,-4458.79396984925
-1426.13065326633,3000,114.27135678392,30,-3441.20603015075
1000,-1019.24623115578,956.78391959799,900,0
-1148.24120603015,-1000,943.21608040201,-1027.13567839196,486.43216080402
296.482412060301,-1000,956.78391959799,-972.86432160804,324.62311557789
-955.778894472362,3000,166.030150753769,-10,-4499.49748743719
-1444.22110552764,3000,112.613065326633,30,-3400.50251256281
1000,-1020.30150753769,957.286432160804,900,0
-1140.70351758794,-1000,942.713567839196,-1029.14572864322,485.427135678392
281.407035175879,-1000,957.286432160804,-970.854271356784,330.150753768844
-937.688442211056,3000,167.587939698492,-10,-4540.20100502513
-1462.31155778894,3000,110.954773869347,30,-3359.79899497487
1000,-1021.3567839196,957.788944723618,900,0
-1133.16582914573,-1000,942.211055276382,-1031.15577889447,484.422110552764
266.331658291457,-1000,957.788944723618,-968.844221105528,335.678391959799
-919.597989949749,3000,169.145728643216,-10,-4580.90452261307
-1480.40201005025,3000,109.29648241206,30,-3319.09547738693
1000,-1022.41206030151,958.291457286432,900,0
-1125.62814070352,-1000,941.708542713568,-1033.16582914573,483.417085427136
251.256281407035,-1000,958.291457286432,-966.834170854271,341.206030150754
-901.507537688442,3000,170.70351758794,-10,-4621.608040201
-1498.49246231156,3000,107.638190954774,30,-3278.391959799
1000,-1023.46733668342,958.793969849246,900,0
-1118.09045226131,-1000,941.206030150754,-1035.17587939698,482.412060301508
236.180904522613,-1000,958.793969849246,-964.824120603015,346.733668341709
-883.417085427136,3000,172.261306532663,-10,-4662.31155778894
-1516.58291457286,3000,105.979899497487,30,-3237.68844221106
1000,-1024.52261306533,959.29648241206,900,0
-1110.5527638191,-1000,940.70351758794,-1037.18592964824,481.407035175879
221.105527638191,-1000,959.29648241206,-962.814070351759,352.261306532663
-865.326633165829,3000,173.819095477387,-10,-4703.01507537688
-1534.67336683417,3000,104.321608040201,30,-3196.98492462312
1000,-1025.57788944724,959.798994974874,900,0
-1103.01507537688,-1000,940.201005025126,-1039.1959798995,480.402010050251
206.030150753769,-1000,959.798994974874,-960.804020100502,357.788944723618
-847.236180904523,3000,175.376884422111,-10,-4743.71859296482
-1552.76381909548,3000,102.663316582915,30,-3156.28140703518
1000,-1026.63316582915,960.301507537688,900,0
-1095.47738693467,-1000,939.698492462312,-1041.20603015075,479.396984924623
190.954773869347,-1000,960.301507537688,-958.793969849246,363.316582914573
-829.145728643216,3000,176.934673366834,-10,-4784.42211055276
-1570.85427135678,3000,101.005025125628,30,-3115.57788944724
1000,-1027.68844221106,960.804020100502,900,0
-1087.93969849246,-1000,939.195979899498,-1043.21608040201,478.391959798995
175.879396984925,-1000,960.804020100502,-956.78391959799,368.844221105528
-811.05527638191,3000,178.492462311558,-10,-4825.1256281407
-1588.94472361809,3000,99.3467336683417,30,-3074.8743718593
1000,-1028.74371859296,961.306532663317,900,0
-1080.40201005025,-1000,938.693467336683,-1045.22613065327,477.386934673367
160.804020100502,-1000,961.306532663317,-954.773869346734,374.371859296483
-792.964824120603,3000,180.050251256281,-10,-4865.82914572864
-1607.0351758794,3000,97.6884422110553,30,-3034.17085427136
1000,-1029.79899497487,961.809045226131,900,0
-1072.86432160804,-1000,938.190954773869,-1047.23618090452,476.381909547739
145.72864321608,-1000,961.809045226131,-952.763819095477,379.899497487437
-774.874371859297,3000,181.608040201005,-10,-4906.53266331658
-1625.1256281407,3000,96.0301507537688,30,-2993.46733668342
1000,-1030.85427135678,962.311557788945,900,0
-1065.32663316583,-1000,937.688442211055,-1049.24623115578,475.376884422111
130.653266331658,-1000,962.311557788945,-950.753768844221,385.427135678392
-756.78391959799,3000,183.165829145729,-10,-4947.23618090452
-1643.21608040201,3000,94.3718592964824,30,-2952.76381909548
1000,-1031.90954773869,962.814070351759,900,0
-1057.78894472362,-1000,937.185929648241,-1051.25628140704,474.371859296482
115.577889447236,-1000,962.814070351759,-948.743718592965,390.954773869347
-738.693467336684,3000,184.723618090452,-10,-4987.93969849246
-1661.30653266332,3000,92.713567839196,30,-2912.06030150754
1000,-1032.9648241206,963.316582914573,900,0
-1050.25125628141,-1000,936.683417085427,-1053.26633165829,473.366834170854
100.502512562814,-1000,963.316582914573,-946.733668341709,396.482412060302
-720.603015075377,3000,186.281407035176,-10,-5028.6432160804
-1679.39698492462,3000,91.0552763819096,30,-2871.3567839196
1000,-1034.02010050251,963.819095477387,900,0
-1042.7135678392,-1000,936.180904522613,-1055.27638190955,472.361809045226
85.427135678392,-1000,963.819095477387,-944.723618090452,402.010050251256
-702.51256281407,3000,187.8391959799,-10,-5069.34673366834
-1697.48743718593,3000,89.3969849246231,30,-2830.65326633166
1000,-1035.07537688442,964.321608040201,900,0
-1035.17587939698,-1000,935.678391959799,-1057.2864321608,471.356783919598
70.3517587939698,-1000,964.321608040201,-942.713567839196,407.537688442211
-684.422110552764,3000,189.396984924623,-10,-5110.05025125628
-1715.57788944724,3000,87.7386934673367,30,-2789.94974874372
1000,-1036.13065326633,964.824120603015,900,0
-1027.63819095477,-1000,935.175879396985,-1059.29648241206,470.35175879397
55.2763819095476,-1000,964.824120603015,-940.70351758794,413.065326633166
-666.331658291458,3000,190.954773869347,-10,-5150.75376884422
-1733.66834170854,3000,86.0804020100502,30,-2749.24623115578
1000,-1037.18592964824,965.326633165829,900,0
-1020.10050251256,-1000,934.673366834171,-1061.30653266332,469.346733668342
40.2010050251256,-1000,965.326633165829,-938.693467336683,418.592964824121
-648.241206030151,3000,192.51256281407,-10,-5191.45728643216
-1751.75879396985,3000,84.4221105527638,30,-2708.54271356784
1000,-1038.24120603015,965.829145728643,900,0
-1012.56281407035,-1000,934.170854271357,-1063.31658291457,468.341708542714
25.1256281407034,-1000,965.829145728643,-936.683417085427,424.120603015075
-630.150753768844,3000,194.070351758794,-10,-5232.1608040201
-1769.84924623116,3000,82.7638190954774,30,-2667.8391959799
1000,-1039.29648241206,966.331658291457,900,0
-1005.02512562814,-1000,933.668341708543,-1065.32663316583,467.336683417085
10.0502512562814,-1000,966.331658291457,-934.673366834171,429.64824120603
-612.060301507538,3000,195.628140703518,-10,-5272.86432160804
-1787.93969849246,3000,81.1055276381909,30,-2627.13567839196
1000,-1040.35175879397,966.834170854271,900,0
-997.48743718593,-1000,933.165829145729,-1067.33668341709,466.331658291457
-5.02512562814081,-1000,966.834170854271,-932.663316582915,435.175879396985
-593.969849246231,3000,197.185929648241,-10,-5313.56783919598
-1806.03015075377,3000,79.4472361809045,30,-2586.43216080402
1000,-1041.40703517588,967.336683417085,900,0
-989.949748743719,-1000,932.663316582915,-1069.34673366834,465.326633165829
-20.1005025125628,-1000,967.336683417085,-930.653266331658,440.70351758794
-575.879396984925,3000,198.743718592965,-10,-5354.27135678392
-1824.12060301508,3000,77.7889447236181,30,-2545.72864321608
1000,-1042.46231155779,967.8391959799,900,0
-982.412060301507,-1000,932.1608040201,-1071.3567839196,464.321608040201
-35.175879396985,-1000,967.8391959799,-928.643216080402,446.231155778895
-557.788944723618,3000,200.301507537688,-10,-5394.97487437186
-1842.21105527638,3000,76.1306532663316,30,-2505.02512562814
1000,-1043.5175879397,968.341708542714,900,0
-974.874371859296,-1000,931.658291457286,-1073.36683417085,463.316582914573
-50.2512562814072,-1000,968.341708542714,-926.633165829146,451.758793969849
-539.698492462312,3000,201.859296482412,-10,-5435.6783919598
-1860.30150753769,3000,74.4723618090452,30,-2464.3216080402
1000,-1044.57286432161,968.844221105528,900,0
-967.336683417085,-1000,931.155778894472,-1075.37688442211,462.311557788945
-65.3266331658292,-1000,968.844221105528,-924.623115577889,457.286432160804
-521.608040201005,3000,203.417085427136,-10,-5476.38190954774
-1878.39195979899,3000,72.8140703517588,30,-2423.61809045226
1000,-1045.62814070352,969.346733668342,900,0
-959.798994974874,-1000,930.653266331658,-1077.38693467337,461.306532663317
-80.4020100502512,-1000,969.346733668342,-922.613065326633,462.814070351759
-503.517587939699,3000,204.974874371859,-10,-5517.08542713568
-1896.4824120603,3000,71.1557788944723,30,-2382.91457286432
1000,-1046.68341708543,969.849246231156,900,0
-952.261306532663,-1000,930.150753768844,-1079.39698492462,460.301507537688
-95.4773869346736,-1000,969.849246231156,-920.603015075377,468.341708542714
-485.427135678392,3000,206.532663316583,-10,-5557.78894472362
-1914.57286432161,3000,69.4974874371859,30,-2342.21105527638
1000,-1047.73869346734,970.35175879397,900,0
-944.723618090452,-1000,929.64824120603,-1081.40703517588,459.29648241206
-110.552763819096,-1000,970.35175879397,-918.592964824121,473.869346733668
-467.336683417086,3000,208.090452261307,-10,-5598.49246231156
-1932.66331658291,3000,67.8391959798995,30,-2301.50753768844
1000,-1048.79396984925,970.854271356784,900,0
-937.185929648241,-1000,929.145728643216,-1083.41708542714,458.291457286432
-125.628140703518,-1000,970.854271356784,-916.582914572864,479.396984924623
-449.246231155779,3000,209.64824120603,-10,-5639.1959798995
-1950.75376884422,3000,66.180904522613,30,-2260.8040201005
1000,-1049.84924623116,971.356783919598,900,0
-929.64824120603,-1000,928.643216080402,-1085.42713567839,457.286432160804
-140.70351758794,-1000,971.356783919598,-914.572864321608,484.924623115578
-431.155778894472,3000,211.206030150754,-10,-5679.89949748744
-1968.84422110553,3000,64.5226130653266,30,-2220.10050251256
1000,-1050.90452261307,971.859296482412,900,0
-922.110552763819,-1000,928.140703517588,-1087.43718592965,456.281407035176
-155.778894472362,-1000,971.859296482412,-912.562814070352,490.452261306533
-413.065326633166,3000,212.763819095477,-10,-5720.60301507538
-1986.93467336683,3000,62.8643216080402,30,-2179.39698492462
1000,-1051.95979899497,972.361809045226,900,0
-914.572864321608,-1000,927.638190954774,-1089.4472361809,455.276381909548
-170.854271356784,-1000,972.361809045226,-910.552763819096,495.979899497488
-394.97487437186,3000,214.321608040201,-10,-5761.30653266332
-2005.02512562814,3000,61.2060301507537,30,-2138.69346733668
1000,-1053.01507537688,972.86432160804,900,0
-907.035175879397,-1000,927.13567839196,-1091.45728643216,454.27135678392
-185.929648241206,-1000,972.86432160804,-908.542713567839,501.507537688442
-376.884422110553,3000,215.879396984925,-10,-5802.01005025126
-2023.11557788945,3000,59.5477386934673,30,-2097.98994974874
1000,-1054.07035175879,973.366834170854,900,0
-899.497487437186,-1000,926.633165829146,-1093.46733668342,453.266331658292
-201.005025125628,-1000,973.366834170854,-906.532663316583,507.035175879397
-358.793969849246,3000,217.437185929648,-10,-5842.7135678392
-2041.20603015075,3000,57.8894472361809,30,-2057.2864321608
1000,-1055.1256281407,973.869346733668,900,0
-891.959798994975,-1000,926.130653266332,-1095.47738693467,452.261306532663
-216.08040201005,-1000,973.869346733668,-904.522613065327,512.562814070352
-340.70351758794,3000,218.994974874372,-10,-5883.41708542714
-2059.29648241206,3000,56.2311557788945,30,-2016.58291457286
1000,-1056.18090452261,974.371859296482,900,0
-884.422110552764,-1000,925.628140703518,-1097.48743718593,451.256281407035
-231.155778894472,-1000,974.371859296482,-902.51256281407,518.090452261307
-322.613065326633,3000,220.552763819096,-10,-5924.12060301508
-2077.38693467337,3000,54.572864321608,30,-1975.87939698492
1000,-1057.23618090452,974.874371859297,900,0
-876.884422110553,-1000,925.125628140703,-1099.49748743719,450.251256281407
-246.231155778894,-1000,974.874371859297,-900.502512562814,523.618090452261
-304.522613065327,3000,222.110552763819,-10,-5964.82412060302
-2095.47738693467,3000,52.9145728643216,30,-1935.17587939698
1000,-1058.29145728643,975.376884422111,900,0
-869.346733668342,-1000,924.623115577889,-1101.50753768844,449.246231155779
-261.306532663317,-1000,975.376884422111,-898.492462311558,529.145728643216
-286.43216080402,3000,223.668341708543,-10,-6005.52763819096
-2113.56783919598,3000,51.2562814070352,30,-1894.47236180904
1000,-1059.34673366834,975.879396984925,900,0
-861.809045226131,-1000,924.120603015075,-1103.5175879397,448.241206030151
-276.381909547739,-1000,975.879396984925,-896.482412060302,534.673366834171
-268.341708542714,3000,225.226130653266,-10,-6046.23115577889
-2131.65829145729,3000,49.5979899497487,30,-1853.76884422111
1000,-1060.40201005025,976.381909547739,900,0
-854.27135678392,-1000,923.618090452261,-1105.52763819095,447.236180904523
-291.457286432161,-1000,976.381909547739,-894.472361809045,540.201005025126
-250.251256281407,3000,226.78391959799,-10,-6086.93467336683
-2149.74874371859,3000,47.9396984924623,30,-1813.06532663317
1000,-1061.45728643216,976.884422110553,900,0
-846.733668341709,-1000,923.115577889447,-1107.53768844221,446.231155778895
-306.532663316583,-1000,976.884422110553,-892.462311557789,545.728643216081
-232.160804020101,3000,228.341708542714,-10,-6127.63819095477
-2167.8391959799,3000,46.2814070351759,30,-1772.36180904523
1000,-1062.51256281407,977.386934673367,900,0
-839.195979899497,-1000,922.613065326633,-1109.54773869347,445.226130653266
-321.608040201005,-1000,977.386934673367,-890.452261306533,551.256281407035
-214.070351758794,3000,229.899497487437,-10,-6168.34170854271
-2185.92964824121,3000,44.6231155778894,30,-1731.65829145729
1000,-1063.56783919598,977.889447236181,900,0
-831.658291457286,-1000,922.110552763819,-1111.55778894472,444.221105527638
-336.683417085427,-1000,977.889447236181,-888.442211055276,556.78391959799
-195.979899497488,3000,231.457286432161,-10,-6209.04522613065
-2204.02010050251,3000,42.964824120603,30,-1690.95477386935
1000,-1064.62311557789,978.391959798995,900,0
-824.120603015075,-1000,921.608040201005,-1113.56783919598,443.21608040201
-351.758793969849,-1000,978.391959798995,-886.43216080402,562.311557788945
-177.889447236181,3000,233.015075376884,-10,-6249.74874371859
-2222.11055276382,3000,41.3065326633165,30,-1650.25125628141
1000,-1065.6783919598,978.894472361809,900,0
-816.582914572864,-1000,921.105527638191,-1115.57788944724,442.211055276382
-366.834170854272,-1000,978.894472361809,-884.422110552764,567.8391959799
-159.798994974874,3000,234.572864321608,-10,-6290.45226130653
-2240.20100502513,3000,39.6482412060301,30,-1609.54773869347
1000,-1066.73366834171,979.396984924623,900,0
-809.045226130653,-1000,920.603015075377,-1117.58793969849,441.206030150754
-381.909547738694,-1000,979.396984924623,-882.412060301508,573.366834170854
-141.708542713568,3000,236.130653266332,-10,-6331.15577889447
-2258.29145728643,3000,37.9899497487437,30,-1568.84422110553
1000,-1067.78894472362,979.899497487437,900,0
-801.507537688442,-1000,920.100502512563,-1119.59798994975,440.201005025126
-396.984924623116,-1000,979.899497487437,-880.402010050251,578.894472361809
-123.618090452262,3000,237.688442211055,-10,-6371.85929648241
-2276.38190954774,3000,36.3316582914573,30,-1528.14070351759
1000,-1068.84422110553,980.402010050251,900,0
-793.969849246231,-1000,919.597989949749,-1121.608040201,439.195979899498
-412.060301507538,-1000,980.402010050251,-878.391959798995,584.422110552764
-105.527638190955,3000,239.246231155779,-10,-6412.56281407035
-2294.47236180904,3000,34.6733668341708,30,-1487.43718592965
1000,-1069.89949748744,980.904522613065,900,0
-786.43216080402,-1000,919.095477386935,-1123.61809045226,438.190954773869
-427.13567839196,-1000,980.904522613065,-876.381909547739,589.949748743719
-87.4371859296484,3000,240.804020100503,-10,-6453.26633165829
-2312.56281407035,3000,33.0150753768844,30,-1446.73366834171
1000,-1070.95477386935,981.407035175879,900,0
-778.894472361809,-1000,918.592964824121,-1125.62814070352,437.185929648241
-442.211055276382,-1000,981.407035175879,-874.371859296482,595.477386934673
-69.346733668342,3000,242.361809045226,-10,-6493.96984924623
-2330.65326633166,3000,31.356783919598,30,-1406.03015075377
1000,-1072.01005025126,981.909547738694,900,0
-771.356783919598,-1000,918.090452261306,-1127.63819095477,436.180904522613
-457.286432160804,-1000,981.909547738694,-872.361809045226,601.005025125628
-51.2562814070357,3000,243.91959798995,-10,-6534.67336683417
-2348.74371859296,3000,29.6984924623115,30,-1365.32663316583
1000,-1073.06532663317,982.412060301507,900,0
-763.819095477387,-1000,917.587939698493,-1129.64824120603,435.175879396985
-472.361809045226,-1000,982.412060301507,-870.35175879397,606.532663316583
-33.1658291457288,3000,245.477386934673,-10,-6575.37688442211
-2366.83417085427,3000,28.0402010050251,30,-1324.62311557789
1000,-1074.12060301508,982.914572864322,900,0
-756.281407035176,-1000,917.085427135678,-1131.65829145729,434.170854271357
-487.437185929648,-1000,982.914572864322,-868.341708542714,612.060301507538
-15.0753768844224,3000,247.035175879397,-10,-6616.08040201005
-2384.92462311558,3000,26.3819095477387,30,-1283.91959798995
1000,-1075.17587939698,983.417085427136,900,0
-748.743718592965,-1000,916.582914572864,-1133.66834170854,433.165829145729
-502.51256281407,-1000,983.417085427136,-866.331658291457,617.587939698493
3.01507537688394,3000,248.592964824121,-10,-6656.78391959799
-2403.01507537688,3000,24.7236180904522,30,-1243.21608040201
1000,-1076.23115577889,983.91959798995,900,0
-741.206030150754,-1000,916.08040201005,-1135.6783919598,432.1608040201
-517.587939698492,-1000,983.91959798995,-864.321608040201,623.115577889447
21.1055276381908,3000,250.150753768844,-10,-6697.48743718593
-2421.10552763819,3000,23.0653266331658,30,-1202.51256281407
1000,-1077.2864321608,984.422110552764,900,0
-733.668341708543,-1000,915.577889447236,-1137.68844221106,431.155778894472
-532.663316582915,-1000,984.422110552764,-862.311557788945,628.643216080402
39.1959798994972,3000,251.708542713568,-10,-6738.19095477387
-2439.1959798995,3000,21.4070351758794,30,-1161.80904522613
1000,-1078.34170854271,984.924623115578,900,0
-726.130653266332,-1000,915.075376884422,-1139.69849246231,430.150753768844
-547.738693467337,-1000,984.924623115578,-860.301507537688,634.170854271357
57.2864321608035,3000,253.266331658291,-10,-6778.89447236181
-2457.2864321608,3000,19.7487437185929,30,-1121.10552763819
1000,-1079.39698492462,985.427135678392,900,0
-718.592964824121,-1000,914.572864321608,-1141.70854271357,429.145728643216
-562.814070351759,-1000,985.427135678392,-858.291457286432,639.698492462312
75.3768844221104,3000,254.824120603015,-10,-6819.59798994975
-2475.37688442211,3000,18.0904522613065,30,-1080.40201005025
1000,-1080.45226130653,985.929648241206,900,0
-711.05527638191,-1000,914.070351758794,-1143.71859296482,428.140703517588
-577.889447236181,-1000,985.929648241206,-856.281407035176,645.226130653266
93.4673366834168,3000,256.381909547739,-10,-6860.30150753769
-2493.46733668342,3000,16.4321608040201,30,-1039.69849246231
1000,-1081.50753768844,986.43216080402,900,0
-703.517587939698,-1000,913.56783919598,-1145.72864321608,427.13567839196
-592.964824120603,-1000,986.43216080402,-854.27135678392,650.753768844221
111.557788944723,3000,257.939698492462,-10,-6901.00502512563
-2511.55778894472,3000,14.7738693467336,30,-998.994974874371
1000,-1082.56281407035,986.934673366834,900,0
-695.979899497487,-1000,913.065326633166,-1147.73869346734,426.130653266332
-608.040201005025,-1000,986.934673366834,-852.261306532663,656.281407035176
129.64824120603,3000,259.497487437186,-10,-6941.70854271357
-2529.64824120603,3000,13.1155778894472,30,-958.291457286432
1000,-1083.61809045226,987.437185929648,900,0
-688.442211055276,-1000,912.562814070352,-1149.74874371859,425.125628140703
-623.115577889447,-1000,987.437185929648,-850.251256281407,661.809045226131
147.738693467336,3000,261.05527638191,-10,-6982.41206030151
-2547.73869346734,3000,11.4572864321608,30,-917.587939698492
1000,-1084.67336683417,987.939698492462,900,0
-680.904522613065,-1000,912.060301507538,-1151.75879396985,424.120603015075
-638.19095477387,-1000,987.939698492462,-848.241206030151,667.336683417086
165.829145728643,3000,262.613065326633,-10,-7023.11557788945
-2565.82914572864,3000,9.79899497487435,30,-876.884422110553
1000,-1085.72864321608,988.442211055276,900,0
-673.366834170854,-1000,911.557788944724,-1153.76884422111,423.115577889447
-653.266331658292,-1000,988.442211055276,-846.231155778895,672.86432160804
183.91959798995,3000,264.170854271357,-10,-7063.81909547739
-2583.91959798995,3000,8.14070351758795,30,-836.180904522613
1000,-1086.78391959799,988.94472361809,900,0
-665.829145728643,-1000,911.05527638191,-1155.77889447236,422.110552763819
-668.341708542714,-1000,988.94472361809,-844.221105527638,678.391959798995
202.010050251256,3000,265.72864321608,-10,-7104.52261306533
-2602.01005025126,3000,6.4824120603015,30,-795.477386934673
1000,-1087.8391959799,989.447236180904,900,0
-658.291457286432,-1000,910.552763819096,-1157.78894472362,421.105527638191
-683.417085427136,-1000,989.447236180904,-842.211055276382,683.91959798995
220.100502512562,3000,267.286432160804,-10,-7145.22613065327
-2620.10050251256,3000,4.82412060301505,30,-754.773869346734
1000,-1088.89447236181,989.949748743719,900,0
-650.753768844221,-1000,910.050251256281,-1159.79899497487,420.100502512563
-698.492462311558,-1000,989.949748743719,-840.201005025126,689.447236180905
238.190954773869,3000,268.844221105528,-10,-7185.92964824121
-2638.19095477387,3000,3.16582914572865,30,-714.070351758794
1000,-1089.94974874372,990.452261306533,900,0
-643.21608040201,-1000,909.547738693467,-1161.80904522613,419.095477386935
-713.56783919598,-1000,990.452261306533,-838.190954773869,694.974874371859
256.281407035176,3000,270.402010050251,-10,-7226.63316582915
-2656.28140703518,3000,1.5075376884422,30,-673.366834170854
1000,-1091.00502512563,990.954773869347,900,0
-635.678391959799,-1000,909.045226130653,-1163.81909547739,418.090452261307
-728.643216080402,-1000,990.954773869347,-836.180904522613,700.502512562814
274.371859296482,3000,271.959798994975,-10,-7267.33668341709
-2674.37185929648,3000,-0.150753768844254,30,-632.663316582914
1000,-1092.06030150754,991.457286432161,900,0
-628.140703517588,-1000,908.542713567839,-1165.82914572864,417.085427135678
-743.718592964824,-1000,991.457286432161,-834.170854271357,706.030150753769
292.462311557789,3000,273.517587939699,-10,-7308.04020100503
-2692.46231155779,3000,-1.80904522613065,30,-591.959798994974
1000,-1093.11557788945,991.959798994975,900,0
-620.603015075377,-1000,908.040201005025,-1167.8391959799,416.08040201005
-758.793969849246,-1000,991.959798994975,-832.160804020101,711.557788944724
310.552763819095,3000,275.075376884422,-10,-7348.74371859296
-2710.5527638191,3000,-3.4673366834171,30,-551.256281407035
1000,-1094.17085427136,992.462311557789,900,0
-613.065326633166,-1000,907.537688442211,-1169.84924623116,415.075376884422
-773.869346733668,-1000,992.462311557789,-830.150753768844,717.085427135679
328.643216080402,3000,276.633165829146,-10,-7389.4472361809
-2728.6432160804,3000,-5.12562814070355,30,-510.552763819095
1000,-1095.22613065327,992.964824120603,900,0
-605.527638190955,-1000,907.035175879397,-1171.85929648241,414.070351758794
-788.94472361809,-1000,992.964824120603,-828.140703517588,722.613065326633
346.733668341708,3000,278.190954773869,-10,-7430.15075376884
-2746.73366834171,3000,-6.78391959798995,30,-469.849246231155
1000,-1096.28140703518,993.467336683417,900,0
-597.989949748744,-1000,906.532663316583,-1173.86934673367,413.065326633166
-804.020100502513,-1000,993.467336683417,-826.130653266332,728.140703517588
364.824120603015,3000,279.748743718593,-10,-7470.85427135678
-2764.82412060301,3000,-8.4422110552764,30,-429.145728643216
1000,-1097.33668341709,993.969849246231,900,0
-590.452261306533,-1000,906.030150753769,-1175.87939698492,412.060301507538
-819.095477386935,-1000,993.969849246231,-824.120603015075,733.668341708543
382.914572864321,3000,281.306532663317,-10,-7511.55778894472
-2782.91457286432,3000,-10.1005025125629,30,-388.442211055276
1000,-1098.391959799,994.472361809045,900,0
-582.914572864322,-1000,905.527638190955,-1177.88944723618,411.05527638191
-834.170854271357,-1000,994.472361809045,-822.110552763819,739.195979899498
401.005025125628,3000,282.86432160804,-10,-7552.26130653266
-2801.00502512563,3000,-11.7587939698493,30,-347.738693467336
1000,-1099.4472361809,994.974874371859,900,0
-575.376884422111,-1000,905.025125628141,-1179.89949748744,410.050251256281
-849.246231155779,-1000,994.974874371859,-820.100502512563,744.723618090452
419.095477386934,3000,284.422110552764,-10,-7592.9648241206
-2819.09547738693,3000,-13.4170854271357,30,-307.035175879397
1000,-1100.50251256281,995.477386934673,900,0
-567.839195979899,-1000,904.522613065327,-1181.90954773869,409.045226130653
-864.321608040201,-1000,995.477386934673,-818.090452261307,750.251256281407
437.185929648241,3000,285.979899497487,-10,-7633.66834170854
-2837.18592964824,3000,-15.0753768844221,30,-266.331658291457
1000,-1101.55778894472,995.979899497487,900,0
-560.301507537688,-1000,904.020100502513,-1183.91959798995,408.040201005025
-879.396984924623,-1000,995.979899497487,-816.08040201005,755.778894472362
455.276381909548,3000,287.537688442211,-10,-7674.37185929648
-2855.27638190955,3000,-16.7336683417086,30,-225.628140703518
1000,-1102.61306532663,996.482412060301,900,0
-552.763819095477,-1000,903.517587939699,-1185.92964824121,407.035175879397
-894.472361809045,-1000,996.482412060301,-814.070351758794,761.306532663317
473.366834170854,3000,289.095477386935,-10,-7715.07537688442
-2873.36683417085,3000,-18.391959798995,30,-184.924623115578
1000,-1103.66834170854,996.984924623116,900,0
-545.226130653266,-1000,903.015075376884,-1187.93969849246,406.030150753769
-909.547738693468,-1000,996.984924623116,-812.060301507538,766.834170854271
491.45728643216,3000,290.653266331658,-10,-7755.77889447236
-2891.45728643216,3000,-20.0502512562814,30,-144.221105527638
1000,-1104.72361809045,997.48743718593,900,0
-537.688442211055,-1000,902.51256281407,-1189.94974874372,405.025125628141
-924.62311557789,-1000,997.48743718593,-810.050251256281,772.361809045226
509.547738693467,3000,292.211055276382,-10,-7796.4824120603
-2909.54773869347,3000,-21.7085427135679,30,-103.517587939698
1000,-1105.77889447236,997.989949748744,900,0
-530.150753768844,-1000,902.010050251256,-1191.95979899497,404.020100502513
-939.698492462312,-1000,997.989949748744,-808.040201005025,777.889447236181
527.638190954774,3000,293.768844221106,-10,-7837.18592964824
-2927.63819095477,3000,-23.3668341708543,30,-62.8140703517583
1000,-1106.83417085427,998.492462311558,900,0
-522.613065326633,-1000,901.507537688442,-1193.96984924623,403.015075376884
-954.773869346734,-1000,998.492462311558,-806.030150753769,783.417085427136
545.72864321608,3000,295.326633165829,-10,-7877.88944723618
-2945.72864321608,3000,-25.0251256281407,30,-22.1105527638192
1000,-1107.88944723618,998.994974874372,900,0
-515.075376884422,-1000,901.005025125628,-1195.97989949749,402.010050251256
-969.849246231156,-1000,998.994974874372,-804.020100502513,788.944723618091
563.819095477387,3000,296.884422110553,-10,-7918.59296482412
-2963.81909547739,3000,-26.6834170854272,30,18.5929648241208
1000,-1108.94472361809,999.497487437186,900,0
-507.537688442211,-1000,900.502512562814,-1197.98994974874,401.005025125628
-984.924623115578,-1000,999.497487437186,-802.010050251256,794.472361809045
581.909547738693,3000,298.442211055276,-10,-7959.29648241206
-2981.90954773869,3000,-28.3417085427136,30,59.2964824120609
1000,-1110,1000,900,0
-500,-1000,900,-1200,400
-1000,-1000,1000,-800,800
600,3000,300,-10,-8000
-3000,3000,-30,30,100
