0.000337705661771593,0.0013073672528168,1
0.0599028674203033,0.123240341000094,2
-0.311126069759299,-0.334194251919723,3
-0.00139353797050522,0.00142059987397547,1
0.120405090040795,0.122293946616402,2
-0.362548903600306,-0.274584613675229,3
0.00156362419900909,0.000454725075807287,1
0.0799833908153978,0.0960852546564437,2
-0.318152995366966,-0.43106400760134,3
4.79069227335027e-05,-0.00105672028114088,1
0.0954166762708769,0.0942036328880607,2
-0.443427868974554,-0.470297902376316,3
-0.00328671464805872,-1.94751014789126e-05,1
0.100594585659407,0.105002692930503,2
-0.48135040114297,-0.319355930381528,3
0.000210326160855102,0.000886083352976159,1
0.0912560360420973,0.124304889427227,2
-0.319965272694305,-0.386514009769702,3
-0.000681067763160995,-0.00144272520862429,1
0.0625181006103011,0.1140963309229,2
-0.454015188972779,-0.486543514645104,3
-0.000849359691417459,-0.000437649195341796,1
0.0767320905055115,0.13748950640751,2
-0.396738828154926,-0.439907389953831,3
-0.000586190523021583,0.000229193928303536,1
0.0409564686430821,0.094636238930054,2
-0.344980156396955,-0.424128906145652,3
-0.00050239117185168,0.000438909408191503,1
0.0853808414242306,0.113657685295505,2
-0.320521139041224,-0.426118772315088,3
-0.00303640174730436,-0.000472103272821833,1
0.0818051461198355,0.121045544095134,2
-0.417026246882538,-0.410440847348707,3
-0.00406607674981392,-4.50792580532685e-05,1
0.0564598111235726,0.0872793740363771,2
-0.409211965199176,-0.374457732393024,3
-0.0041323652121612,-0.000366086506615051,1
0.0712915856018815,0.130750346158109,2
-0.40924199055618,-0.397752132348648,3
-0.00294303433192341,0.00117110823357213,1
0.0730375275463069,0.11260507752239,2
-0.296016243199906,-0.371004711019889,3
-0.00447834394673739,-0.00227693046635189,1
0.070950629313751,0.119192199321282,2
-0.466246991424265,-0.491083655620526,3
-0.00413055226375219,-0.000869659891702024,1
0.0777891463648375,0.0709016140293731,2
-0.380164644595996,-0.448703395019269,3
-0.00448208624279209,-0.0012672455299122,1
0.0873552935429763,0.0807613036836388,2
-0.387492037159362,-0.465577421743264,3
-0.0077088811618098,0.000357427991281434,1
0.0765206425060126,0.178185289332915,2
-0.379136590964482,-0.331854983971484,3
-0.00586295852983972,0.000659221760310792,1
0.01653005671174,0.0712554062523025,2
-0.305966800163295,-0.372518867918931,3
-0.00663602679706276,0.000932258856097067,1
0.116923617127008,0.122368411794185,2
-0.295197810265978,-0.353141530059687,3
-0.00850726036124315,0.00163501234550215,1
0.0675248705228954,0.117369626672902,2
-0.292075725974522,-0.292625994660569,3
-0.00686145929845558,-0.00200344775299792,1
0.0673566244220465,0.137393144805599,2
-0.377204541927162,-0.478249942896117,3
-0.00703257259325116,-0.00333098016618074,1
0.0395014699634847,0.17537716158911,2
-0.411652695701051,-0.531222433764796,3
-0.0112186644234164,-0.00418199388998056,1
0.093916718620362,0.144211104213123,2
-0.513535882130625,-0.477987522571718,3
-0.00952038080975639,-0.000427867401491984,1
0.0562640896182728,0.166670636424707,2
-0.316889841347933,-0.381205613304554,3
-0.00983915260698768,-0.00155937545030237,1
0.0789215054216365,0.150339547257126,2
-0.345258401079522,-0.422146562041118,3
-0.00969489520794736,0.00193513966400074,1
-0.0283815507568005,0.125273192451684,2
-0.196247422154185,-0.304747697002268,3
-0.0120535135387965,-0.00253231853095021,1
0.0344285629759816,0.181479369235288,2
-0.385068698114457,-0.421652392333862,3
-0.011897755231628,-0.00159461346079822,1
0.0761187214207083,0.172710215003941,2
-0.327896618863384,-0.396384350829866,3
-0.0105471760489755,-0.00683256061383691,1
0.0597737128132986,0.17436940804042,2
-0.462364279089907,-0.610006766418095,3
-0.0133255736920842,-0.00253368171982583,1
0.0469727351543493,0.172063992504563,2
-0.347491160816886,-0.408573701627026,3
-0.0137072273750255,-0.00513444602403526,1
0.105097542395241,0.151503024015692,2
-0.422351939453809,-0.492853584315784,3
-0.0149245028041586,-0.00520394628859301,1
0.00420002361610432,0.0836656003454901,2
-0.426310940814039,-0.473501933839266,3
-0.0157213088153297,-0.00663324890622393,1
0.0628577794391213,0.144219573953851,2
-0.467041240844278,-0.507496954173423,3
-0.0157308199991022,-0.00385450458498519,1
0.0262338735891048,0.13929476972621,2
-0.352925325643435,-0.416650462587014,3
-0.0166495835359205,-0.00459514538157809,1
0.0281007606978238,0.114252461237953,2
-0.372749321558312,-0.42490450919766,3
-0.0164935338989134,-0.00618777132673669,1
0.0528329720052038,0.117665089750327,2
-0.399349431684588,-0.480137744730955,3
-0.0193740357239799,-0.00402521882632147,1
0.118477754224644,0.156488293000485,2
-0.361069366636005,-0.357590954128657,3
-0.0175825453915405,-0.0053681479446133,1
0.0923146252575041,0.128107067194915,2
-0.348841657651977,-0.433550003976941,3
-0.0155442368850903,-0.00778549172371045,1
-0.0309097685110778,0.135925618405991,2
-0.365830223867859,-0.545874881609989,3
-0.0213461433116715,-0.00794824054233599,1
0.0137462870150418,0.164583411679096,2
-0.45294909380558,-0.444674036981605,3
-0.0189678693965224,-0.0052308948946754,1
0.0294908039367361,0.16764179811932,2
-0.303749061334098,-0.401683220460983,3
-0.0190831445605638,-0.00801001914182673,1
0.00446363575289639,0.144868022496168,2
-0.368989972043481,-0.483038449544593,3
-0.0198770028068096,-0.00555140596153823,1
0.00325051263255807,0.0669654447923561,2
-0.285980966637308,-0.391913578888369,3
-0.0222565435711761,-0.00542396991847422,1
-0.0191657734787109,0.121802201388578,2
-0.30172715656596,-0.344442582947343,3
-0.0196420178368269,-0.00574208250676931,1
0.0182357213511513,0.153180273193297,2
-0.244333087353317,-0.396534304756627,3
-0.0201011755016197,-0.00883384277195572,1
-0.0257696450078653,0.16251808694369,2
-0.32211271126155,-0.476862059706074,3
-0.0226578795131463,-0.00805616001056374,1
0.0178573636209298,0.134195660696858,2
-0.320483218263907,-0.406490264474603,3
-0.0259466137359088,-0.0103563596083113,1
0.071329036568164,0.131530673150949,2
-0.420515308010565,-0.41404379289857,3
-0.0254612021267458,-0.00974791014752722,1
0.0064890946732748,0.158564945746294,2
-0.371962388867837,-0.399988554217011,3
-0.0221426078684004,-0.00904402241112991,1
0.0595060263806715,0.140136718225669,2
-0.274406641558268,-0.429835555792774,3
-0.0243516021530083,-0.0125351187657014,1
-0.00300025468435921,0.179623995381922,2
-0.388112105006834,-0.487330943022591,3
-0.0259417773951161,-0.0141640908358014,1
-0.0660435028972381,0.181056248203114,2
-0.437350490733691,-0.501092927647353,3
-0.0286736684366847,-0.0150235403020536,1
-0.0412394680181666,0.198967423966999,2
-0.482631473784803,-0.474227656027241,3
-0.0292358396357939,-0.0138481843851585,1
-0.026388575662075,0.153920249904384,2
-0.435726689444625,-0.425595869363129,3
-0.0237922323364753,-0.0141926672694974,1
-0.0748711015956249,0.169312384225453,2
-0.335609668185288,-0.514913493468822,3
-0.0264107817819728,-0.0137625835619495,1
-0.0469513906443979,0.17442945954207,2
-0.343135615966251,-0.453755630343812,3
-0.029110164572628,-0.0181506649697978,1
-0.00574453334023591,0.164380690061035,2
-0.48285904549839,-0.522920471727127,3
-0.0278793865387759,-0.0174673904733871,1
0.0221886119600394,0.208613313715337,2
-0.42213556603313,-0.514986760100809,3
-0.0278031329955162,-0.0143723777670867,1
-0.0300797793598447,0.0900333057402661,2
-0.315284489004596,-0.424115653179593,3
-0.0283006229010025,-0.0163523332966697,1
-0.0811519324065361,0.187695916581444,2
-0.353962182800982,-0.460586809632502,3
-0.0263379229274636,-0.0191370912595044,1
-0.0790259629551614,0.0944157263917671,2
-0.375739387559963,-0.555148204160324,3
-0.0322066123311521,-0.0198542528602456,1
0.0326857159940237,0.233166832290263,2
-0.461757026365333,-0.474650787498877,3
-0.0294710649722137,-0.0143610962335708,1
-0.034303558141607,0.233409387572497,2
-0.254247044036047,-0.362308371378363,3
-0.0291612599296574,-0.0213858381595806,1
-0.0160078369015482,0.198783586208198,2
-0.41104621621545,-0.539952725895295,3
-0.0283444930581537,-0.0155177119793175,1
-0.0320038436954234,0.0567601547027429,2
-0.225284248918352,-0.389574463521903,3
-0.0274393085141107,-0.017827238327578,1
-0.0718179905258646,0.118833781279572,2
-0.250369947682494,-0.451905645850982,3
-0.0277474319975044,-0.0187127778197027,1
-0.0750120441395691,0.182684225980062,2
-0.256654017197118,-0.458915415196318,3
-0.0279977528744688,-0.023986147776377,1
-0.0134207825635705,0.136469956047907,2
-0.373253399692376,-0.577599290592573,3
-0.0283507912864199,-0.0237762277599748,1
-0.00857733784872534,0.086984121854189,2
-0.351718947715917,-0.55480726366126,3
-0.0309728768268012,-0.0205104081571609,1
0.0486895196488006,0.157791307049114,2
-0.286676772036941,-0.422535792647905,3
-0.0283647209654265,-0.0237832078956651,1
-0.0464135288316608,0.216454268884149,2
-0.310055136279486,-0.529596071349591,3
-0.02935452973393,-0.0261712700661271,1
-0.011485812855903,0.200903021124153,2
-0.36270539701513,-0.561719979720749,3
-0.0303429840203183,-0.0271224374669581,1
-0.105353506893648,0.152093427190601,2
-0.379356383849355,-0.5577807563766,3
-0.0286974727370214,-0.0238440200269084,1
-0.0283593490502737,0.138238623522722,2
-0.255003657090744,-0.48722067238321,3
-0.0285306923776435,-0.022017966402661,1
-0.0725194489550096,0.180603190894547,2
-0.188222910071359,-0.431708118248143,3
-0.0379849465265629,-0.0266556261471386,1
-0.0760693787350283,0.17606620366258,2
-0.413311261479291,-0.398510578932253,3
-0.031505518738522,-0.0248502029714618,1
-0.0816725968780022,0.166885679687159,2
-0.259157533683488,-0.431763445382282,3
-0.0337749521005489,-0.030034785501487,1
-0.0567355358096412,0.109157438236754,2
-0.395222551687319,-0.510811420170904,3
-0.0314489844217773,-0.0285674516316081,1
-0.124827639770902,0.168704475268023,2
-0.308117160536581,-0.493417364810908,3
-0.0312622196506574,-0.0284322244876357,1
-0.066476116074965,0.127324449254213,2
-0.282849654808838,-0.478217452816857,3
-0.0369867269866113,-0.0230728984671079,1
-0.0354175756209151,0.168415518435156,2
-0.215190881297395,-0.25919134036756,3
-0.0345709195066886,-0.0286686043755724,1
-0.00235119663685107,0.253380601573978,2
-0.295065224271205,-0.40945562403534,3
-0.0351048761989637,-0.032858826131085,1
-0.0298110069580301,0.224159442722017,2
-0.381144502726,-0.485344684098897,3
-0.0301813745028595,-0.0330891807220147,1
-0.17382285583953,0.123378709548188,2
-0.301284755648191,-0.541409199556701,3
-0.0304217503003348,-0.0279190266431316,1
-0.0297508206739359,0.137819703669718,2
-0.166407868806278,-0.402950315125996,3
-0.031276002832572,-0.0344352410738796,1
-0.0900265422341019,0.195078261808766,2
-0.309841843754183,-0.526189716019483,3
-0.0345328415558515,-0.036932125469242,1
-0.0787133752727165,0.0765021711556738,2
-0.391736094517704,-0.52425652735769,3
-0.0323776421513849,-0.0392437136661193,1
-0.0363683738706033,0.150676051413095,2
-0.397569882522953,-0.589034068793828,3
-0.0291637864950224,-0.0374498051772374,1
-0.0906572750226929,0.202334246037052,2
-0.296571240411569,-0.573765295921367,3
-0.0317243713069965,-0.0368431551122791,1
-0.0659731130688334,0.180333701562838,2
-0.298626013234714,-0.509998319573531,3
-0.0355305041439438,-0.039023750306074,1
-0.151840282657273,0.105479583415315,2
-0.379496657470057,-0.493035841354211,3
-0.0325517344402467,-0.036707155749622,1
-0.0653414765154058,0.12264987581471,2
-0.271736300046523,-0.463057137047167,3
-0.0307008036766296,-0.038495334212636,1
-0.0720160687950388,0.104107376770988,2
-0.270881712138213,-0.509952195149153,3
-0.0356968644456287,-0.0402444793452917,1
-0.0331602372878611,0.0889688999305342,2
-0.356825045877628,-0.467834115051547,3
-0.0330003747588679,-0.0404965455670521,1
-0.12692098831662,0.141991037638779,2
-0.311268322102026,-0.49078291198065,3
-0.0304749506234504,-0.0355615200758642,1
-0.14258569750083,0.0506589909877477,2
-0.154647432584538,-0.397370954586521,3
-0.0373336241163135,-0.039283447825287,1
-0.154897054693618,0.156200883173592,2
-0.306979491726782,-0.375347953801667,3
-0.0322227306174445,-0.0457388321477921,1
-0.0284304632894001,0.210689266831225,2
-0.36729762507243,-0.563035457538191,3
-0.0306300212503381,-0.0446092214159663,1
-0.154057617521936,0.095104878740646,2
-0.307025883884155,-0.540727975521211,3
-0.029303299504411,-0.0472415664178997,1
-0.126673616329752,0.135079637016996,2
-0.331848500878545,-0.596225232216402,3
-0.0333606794446095,-0.0414124364372628,1
-0.157107745713664,0.132990708142103,2
-0.241754139474633,-0.402778318681563,3
-0.0359314442057281,-0.0435749820430959,1
-0.137039282175857,0.0415891786378219,2
-0.305051087176164,-0.399953497411048,3
-0.0336065859102347,-0.0476114052350408,1
-0.181176102355456,0.118303273807571,2
-0.347728241003413,-0.497024156669669,3
-0.0295815322833446,-0.0474960230591253,1
-0.0876261373640559,0.116362231240162,2
-0.281464093188589,-0.525962120164523,3
-0.0308972153862715,-0.0453927469144225,1
-0.19012079486313,0.151180170427199,2
-0.239068777720912,-0.447512164935235,3
-0.0298404514148061,-0.0519448013958335,1
-0.19592047958955,0.126923022659599,2
-0.35032779118173,-0.580254528256959,3
-0.0336962446631304,-0.0452182657559721,1
-0.0250079122043905,0.149139608942761,2
-0.242341012196317,-0.374532263360537,3
-0.0302626963820712,-0.0546292891314041,1
-0.0582645443140247,0.181789472981445,2
-0.384084003046441,-0.594447939912352,3
-0.0248946213733951,-0.0485966241657142,1
-0.0672665029785299,0.178697078807343,2
-0.181113636759774,-0.515069031557969,3
-0.0277705900262334,-0.0476730371684954,1
-0.163013400849079,0.0319103635811043,2
-0.18403657752429,-0.443450347744459,3
-0.0284731997909911,-0.0517606965870824,1
-0.17730185256234,0.118000261619593,2
-0.264519579314839,-0.50135110151646,3
-0.0243060109365672,-0.0486251220369352,1
-0.091241393561905,0.0731903707903117,2
-0.138749116539347,-0.468211718565699,3
-0.0251362145213825,-0.0545010891351573,1
-0.104827344273213,0.165989148526949,2
-0.257280219028647,-0.560430596997824,3
-0.0346982780684311,-0.0535779137795485,1
-0.192017229678464,0.127488515923031,2
-0.339347900371995,-0.410860987032897,3
-0.0274245008206536,-0.0601042519285477,1
-0.0650897030690723,0.157219023189907,2
-0.374984045904676,-0.610503198454574,3
-0.0318906496939103,-0.0567011512844729,1
-0.135542808739455,0.00676543761402659,2
-0.346939088307322,-0.471097826173279,3
-0.0283205522309756,-0.0599624792409116,1
-0.108422438667847,0.125078910004768,2
-0.360094884706138,-0.560157384775292,3
-0.0255918313211158,-0.0525051799285498,1
-0.18443527216108,0.207158008187229,2
-0.168272203884655,-0.423894974721903,3
-0.0254598078585547,-0.0605628413232185,1
-0.0813411994296239,0.141813565127146,2
-0.317932610058711,-0.568525631427807,3
-0.022387182820233,-0.0575590720296028,1
-0.275289835482574,0.101021116144874,2
-0.212863379353136,-0.525737486904735,3
-0.0250632562389937,-0.0548117783710999,1
-0.0589197566917768,0.151664919687561,2
-0.179708458138538,-0.422525589965693,3
-0.0211396372577882,-0.0694973532721488,1
-0.130511565982509,0.199282407112857,2
-0.416130758407592,-0.739645264199256,3
-0.0210461637200816,-0.0563611432533277,1
-0.104976501959221,0.116626230152238,2
-0.147077008114817,-0.463385525499239,3
-0.0237195195046703,-0.0621719442659277,1
-0.140960197147684,0.0930459420447291,2
-0.283100589810414,-0.529330992881138,3
-0.0246130847060369,-0.0675305693455948,1
-0.114876446838827,0.129999372655876,2
-0.389508787175171,-0.606048432731734,3
-0.02844364559543,-0.0618647963085027,1
-0.115867172666822,0.144544012163362,2
-0.313801513894466,-0.434562830153893,3
-0.0222714182344625,-0.0605824413252008,1
-0.247911931840162,0.084310940328078,2
-0.211903434674743,-0.461394954062061,3
-0.0233838381654631,-0.0647580684899577,1
-0.129118254512414,0.0849383774981454,2
-0.2978382432775,-0.512268812152346,3
-0.0212382356259021,-0.067958291773317,1
-0.166786888573749,0.0262929298316875,2
-0.328422131375711,-0.580264195798959,3
-0.0220856019556859,-0.0646451674072176,1
-0.210823429586046,0.1304405850315,2
-0.267197017400431,-0.489584862455387,3
-0.0244254550177414,-0.0700251047442301,1
-0.124468044896542,0.103376362581971,2
-0.389506944826606,-0.54941965878856,3
-0.0272000691115346,-0.0647558459777885,1
-0.0813587722534623,0.0622056354054469,2
-0.312980756105712,-0.401027859843443,3
-0.0166410940515887,-0.0737068691771844,1
-0.19212302283179,0.16108712001634,2
-0.361218679659941,-0.6702614254345,3
-0.0165615164252561,-0.0737572080422062,1
-0.10911689885783,0.105189208328886,2
-0.355433504497807,-0.654549285007295,3
-0.0228152509253411,-0.0677961288531582,1
-0.189747407051666,0.0466548529946778,2
-0.305524365367159,-0.456491228604797,3
-0.0127508142183523,-0.0708232078713964,1
-0.276376737286259,0.0712530093782526,2
-0.248091439898225,-0.606211886621543,3
-0.0180279598524503,-0.0709519628396909,1
-0.254129311606187,-0.00981157802195118,2
-0.30309229961404,-0.534554020212094,3
-0.0196569756892384,-0.0699102489162477,1
-0.185184567073945,0.0635123046012372,2
-0.296779855800896,-0.480941766597377,3
-0.0092484770290803,-0.0720359620222667,1
-0.224546113415922,0.111780013642464,2
-0.220332451430477,-0.616276313433061,3
-0.0103127805353113,-0.0684529632624075,1
-0.271852338598168,0.120188070843819,2
-0.161674499449901,-0.521791213469021,3
-0.0149891481164526,-0.0700752750804494,1
-0.184407481605671,0.144195346556025,2
-0.238664875391571,-0.485772471916354,3
-0.0183090460817991,-0.0714047666116081,1
-0.234966538215625,-0.039489601657461,2
-0.295610636526586,-0.459140049225064,3
-0.00750196091616906,-0.0738203453678339,1
-0.150527463131293,0.0384614566287857,2
-0.222441317311722,-0.60280613276394,3
-0.0103812758470268,-0.0734138743157718,1
-0.28259953845911,0.0688889200858549,2
-0.243187761775429,-0.549038280836562,3
-0.0159019125399712,-0.0719783967046967,1
-0.25171194150416,-0.0595289918333692,2
-0.273175415776494,-0.449045896299317,3
-0.00896852027990521,-0.0806503132001952,1
-0.158085611308977,0.0760983766566838,2
-0.356441317753657,-0.665032675107432,3
-0.0107928085865383,-0.0747922621993434,1
-0.294311339330685,0.072983503249828,2
-0.267387379041468,-0.523994563892672,3
-0.00950471014939563,-0.077828780749756,1
-0.108464442282979,-0.00595641767980426,2
-0.307736425936858,-0.577606680487738,3
-0.00737835429284597,-0.0746098924271864,1
-0.271046227378849,0.0883416215416423,2
-0.226457238636945,-0.526829613015745,3
-0.0116380675015933,-0.0767445772635501,1
-0.129687239695373,0.16179935548031,2
-0.308723539133362,-0.506516572010664,3
-0.0125445535073962,-0.0744266645980308,1
-0.112011765534157,-0.034814484454787,2
-0.276141750048909,-0.441319180936027,3
-0.000823237879791334,-0.0780384833161082,1
-0.103707867851158,0.0806330945535928,2
-0.219709969996939,-0.613240690004211,3
-0.00462280447106082,-0.0788542354194084,1
-0.13204550009282,0.0168948928247503,2
-0.273906403771738,-0.574557108721443,3
-0.00206989582623694,-0.0786813458742578,1
-0.0751297008479873,-0.0297286628015432,2
-0.245263973339954,-0.583932346109284,3
7.26127593869744e-05,-0.0836574033636971,1
-0.0675570606315056,0.114262169939224,2
-0.312617624674768,-0.680551346970251,3
-0.0029340554224406,-0.0823447496528957,1
-0.0973880285127512,-0.00904562262884036,2
-0.321246959624822,-0.613014078132493,3
-0.00639370252574282,-0.0776739672130728,1
-0.27057942195287,0.120117913539128,2
-0.275531532473298,-0.48223986158799,3
-0.00352401813333357,-0.0803277993366924,1
-0.16677862636805,0.0946668244769595,2
-0.294915198065403,-0.545441883652413,3
0.00590232817070648,-0.0811483722228802,1
-0.217865782187835,-0.0024684358527657,2
-0.215989959851161,-0.642706622348468,3
0.00326729459725791,-0.0782316611139255,1
-0.0460765553235561,0.149036085353873,2
-0.194217757848009,-0.552562588081189,3
0.00494714017478383,-0.0829506778628344,1
-0.205728521879152,-0.0280183638460627,2
-0.262545516774934,-0.639666672781428,3
-0.00240438993377165,-0.0764304213804154,1
-0.272906769164315,-0.0192375311527333,2
-0.226061637688152,-0.440501980500625,3
0.00495130369336401,-0.0769447964126095,1
-0.242555599452574,0.0701083236974385,2
-0.164835094038062,-0.511788471916746,3
0.00405274667266126,-0.0853636326226627,1
-0.136461254602318,-0.0139038649850356,2
-0.323246217745935,-0.637156112440395,3
0.00272520215262945,-0.076972423892081,1
-0.224934396774213,0.000172025805403452,2
-0.19559363804183,-0.468039203808542,3
0.00577111691750494,-0.0799967801008731,1
-0.0600769993111115,0.0745649246085037,2
-0.221762284483024,-0.539717435620198,3
0.00584319949118274,-0.08430455446779,1
-0.249167485760886,0.0257658166202781,2
-0.299512372895995,-0.603808989327268,3
0.00805402648556992,-0.0812488764314965,1
-0.220027877839042,-0.0437718866499572,2
-0.230142104500229,-0.563024172954841,3
0.0133286105781905,-0.0823163179051813,1
-0.172409487494078,-0.102288474909246,2
-0.201576312234649,-0.623158848582047,3
0.00728402914683468,-0.0838519967216709,1
-0.350284699684612,-0.150721905017263,2
-0.292528194040099,-0.580067733967516,3
0.0108663800044755,-0.0816868273788829,1
-0.278657862938397,-0.0588012300293317,2
-0.226274695977655,-0.568957602900083,3
0.00672565123299682,-0.0825962587273546,1
-0.141781852366281,0.00327077729675295,2
-0.288063579527757,-0.534755495579677,3
0.0117719749542912,-0.0819324963121022,1
-0.187528216943498,-0.0418488226704237,2
-0.233809057390881,-0.563926931889949,3
0.0170639037308863,-0.0815181539020487,1
-0.176740418789451,-0.0452104323736247,2
-0.181932325916458,-0.599791941011323,3
0.00974187646298827,-0.0823493745428001,1
-0.276844313576597,-0.0144915357192346,2
-0.273690410155703,-0.534450073911235,3
0.0206349396045563,-0.0804592626037554,1
-0.275866267440582,-0.0127225846641161,2
-0.143724297272054,-0.600167046536865,3
0.0141494642542612,-0.0818645045679753,1
-0.177502775139475,-0.0314536637645189,2
-0.237169612127532,-0.553357932172231,3
0.0142070146122654,-0.0824199285385533,1
-0.250790257754973,-0.0364296083572539,2
-0.253367591482881,-0.555811451235722,3
0.0218456295417288,-0.0827603909171957,1
-0.294352795140999,-0.0159004952820158,2
-0.193505401433536,-0.62764209238083,3
0.0178786613269247,-0.0793890682602116,1
-0.202892230224287,-0.063794115766114,2
-0.183712510469759,-0.526948318267024,3
0.0158712070804736,-0.0800168778871671,1
-0.233409474127001,-0.0362097727645198,2
-0.221605383349433,-0.51181039917157,3
0.0266659333359669,-0.0812274172053585,1
-0.153684418377525,-0.0732956093987632,2
-0.147376401823079,-0.628434133295414,3
0.0275881738322254,-0.0814228836767945,1
-0.0643965379216581,-0.0297535960398986,2
-0.150776623516493,-0.634399036099421,3
0.0188009661116938,-0.0837530318078145,1
-0.275655850787545,-0.0122184250047157,2
-0.281312665311777,-0.583726566744547,3
0.022838618033622,-0.0880913495891627,1
-0.175953014157861,-0.0794579452212071,2
-0.32319725701469,-0.687538550368867,3
0.025238446779323,-0.083795013274461,1
-0.186531067469179,-0.10788863165552,2
-0.239689586167272,-0.63485677578927,3
0.0232598888197604,-0.0776814589110525,1
-0.193474118208219,0.0314477915126867,2
-0.168402690850271,-0.51203740559591,3
0.0301159999226038,-0.0763000887199945,1
-0.181662498289444,-0.106991568602662,2
-0.0917245460582831,-0.549743489736187,3
0.0295576318673232,-0.0842826432630954,1
-0.321515177647614,-0.0534482287589452,2
-0.236601375883535,-0.669885334667848,3
0.0313580779127012,-0.0812803515126979,1
-0.0783103365261058,-0.108305556113566,2
-0.181564711764553,-0.634312311274983,3
0.0321173660277106,-0.0836821136668978,1
-0.311230742032217,0.0477289192361211,2
-0.22379104155523,-0.676621905470186,3
0.027172402942515,-0.0780249693419931,1
-0.189891157712611,-0.183486971952394,2
-0.189431504678339,-0.536556010416354,3
0.0199438581227142,-0.0765713661300108,1
-0.313857731331021,-0.187214000369076,2
-0.244010922253805,-0.443749458102412,3
0.0283246572289312,-0.0804878976330811,1
-0.286171706178377,-0.0672471308977122,2
-0.240282500766173,-0.581794390877087,3
0.02962973446906,-0.0669752058572512,1
-0.250223728565929,-0.158864335852051,2
-0.0238140983369188,-0.376133458679909,3
0.0363490285102789,-0.0794671587488702,1
-0.150040823625991,-0.0322244304514577,2
-0.172860454717037,-0.635592403397782,3
0.0399413559750041,-0.0809857384154697,1
-0.23468935007729,-0.102326620225673,2
-0.175777216311422,-0.691165695454861,3
0.0358121290167434,-0.0846147693513057,1
-0.204262027546264,-0.116024296641734,2
-0.282974336776598,-0.709601203131119,3
0.0348999021646605,-0.076945831952789,1
-0.146998506008205,-0.117740693965613,2
-0.1818771142471,-0.579018445463352,3
0.0429051290947282,-0.0793202849471208,1
-0.183338188286776,-0.0602179906081656,2
-0.14281470740024,-0.724736930408417,3
0.0348813993284017,-0.0748782631468257,1
-0.192861501752266,-0.0993944463227421,2
-0.162879284183294,-0.521942242544123,3
0.0445689869911591,-0.0708072667339897,1
-0.154241499093847,-0.0890732763461159,2
0.038843623103403,-0.556825677627882,3
0.0315296774799982,-0.0776895263734227,1
-0.250041090523281,-0.114566156952189,2
-0.303310545226321,-0.543353733243864,3
0.0337240610786683,-0.0757118697047674,1
-0.159853323033805,-0.120964562845179,2
-0.24707064180982,-0.528745828497122,3
0.0392385920293813,-0.0735250128074345,1
-0.184780719949896,-0.197286683949325,2
-0.142020173943926,-0.553496720881764,3
0.0473030531970533,-0.0717821892142341,1
-0.220261317207124,-0.0677445037635251,2
-0.0126948047417962,-0.622928190305972,3
0.0389787273707575,-0.0760210535335709,1
-0.182153705881634,-0.00973895001184606,2
-0.238642227745748,-0.613191649923338,3
0.0391231182057376,-0.0692301244976564,1
-0.127333738868567,0.0309121654188017,2
-0.0980984695010458,-0.461570745742178,3
0.0384737419432614,-0.0730049391009515,1
-0.321271315954432,-0.24948149041209,2
-0.213115521241151,-0.544284982840604,3
0.0475267521502051,-0.0731414973410353,1
-0.201741079708784,-0.102000669701514,2
-0.113383223434521,-0.674165070730953,3
0.0447428158487228,-0.0727373369417663,1
-0.293336983222425,-0.0334089975950136,2
-0.160829652439261,-0.632473368112592,3
0.0462319938459659,-0.0707236163034059,1
-0.193655943068929,-0.0429086023519982,2
-0.112729754413692,-0.611113715562113,3
0.0379943751476497,-0.0691187854031771,1
-0.175102410912888,-0.264085305727596,2
-0.20732377647597,-0.466516229034445,3
0.0440713024873888,-0.0774361785870515,1
-0.0873077970789441,-0.154996704090628,2
-0.342586816642591,-0.754530862988475,3
0.0491300315848923,-0.0729135478146723,1
-0.333368486875003,-0.184447818934864,2
-0.185907892698214,-0.724201243617095,3
0.0484387725292906,-0.0762112253685583,1
-0.122677089385325,-0.127030067559755,2
-0.296082397243174,-0.802413317129593,3
0.0532530915554826,-0.0678424258427904,1
-0.190799692036687,-0.194306890999654,2
-0.0484053329839466,-0.676549229928887,3
0.0514760874334439,-0.0614842762334912,1
-0.0486052076726139,-0.107821614661105,2
0.0601379972834574,-0.506267285343073,3
0.049789220103717,-0.0757969164930689,1
-0.216817433587545,-0.119542632141836,2
-0.334358832328372,-0.84124129590994,3
0.0443593122140485,-0.0587524641041912,1
-0.179957788199162,-0.14790426302299,2
-0.0158377707753972,-0.356708203011904,3
0.0478080164231001,-0.0618696664804881,1
-0.271877807738777,-0.0719305825109068,2
-0.0655019335413364,-0.492132485919011,3
0.0526779199760779,-0.0640324910279743,1
-0.187381805172911,-0.200193228972591,2
-0.0718008106153045,-0.626160487816901,3
0.0594245711958118,-0.070153563460554,1
-0.132259424370131,-0.100197715167818,2
-0.15008587716872,-0.887958379749433,3
0.0584119233182766,-0.0682560205327592,1
-0.115860302205882,-0.0542326267484955,2
-0.140576207555767,-0.839455245002789,3
0.0502926957271989,-0.0668326985085079,1
-0.231258712682729,-0.0492009823782134,2
-0.246603857144863,-0.69938312901083,3
0.0585646230219644,-0.0657024759662222,1
-0.258342105347489,-0.136149100511736,2
-0.121301930376609,-0.80579933842412,3
0.0596507951063004,-0.0652111953721691,1
-0.200734093349079,-0.186269158726477,2
-0.116883466236326,-0.824375477228474,3
0.0593783618614588,-0.0584134945229055,1
-0.236148294754091,-0.198196857943764,2
0.0291189137952791,-0.661763320789128,3
0.0528394463440264,-0.0608190963191164,1
-0.10144390869917,-0.197152073397817,2
-0.154136333868337,-0.641919115853719,3
0.0489243852168825,-0.0555129909227273,1
-0.254100844606208,-0.200262605221535,2
-0.100188110798202,-0.4615508009877,3
0.0526225893885781,-0.0645439003068501,1
-0.106054777658098,-0.246423275487253,2
-0.305200076438959,-0.768524290642216,3
0.0567155411664977,-0.0597085634540586,1
-0.197424272630783,-0.169437873698638,2
-0.142686346606072,-0.721548780525973,3
0.0585245224662447,-0.0522849829365164,1
-0.21546161417143,-0.21779007530892,2
0.0552060658328524,-0.571336225179243,3
0.0572366350431511,-0.0539642842311898,1
-0.241832729378858,-0.153266501994688,2
-0.0339750428663114,-0.614185078261962,3
0.0527437648690293,-0.0569029778006609,1
-0.174527666172459,-0.147865787902376,2
-0.207448048843926,-0.642261507499286,3
0.0583629997873179,-0.0551650223093827,1
-0.0702179330162205,-0.0127475330108042,2
-0.100281172650423,-0.70243524421662,3
0.0550996938792175,-0.0513306422530253,1
-0.152899289965391,-0.20803465405968,2
-0.0738931914245155,-0.568304589144142,3
0.0547137040863885,-0.0556011367638834,1
-0.125517612880258,-0.181234571421476,2
-0.222737360296233,-0.699004807874961,3
0.0614752444406888,-0.0537716111934501,1
-0.133781080008335,-0.111041043528805,2
-0.0931574229521002,-0.777781653297315,3
0.0594298121927448,-0.0581736667459453,1
-0.149193147749941,-0.162263734180077,2
-0.274178008636282,-0.889732114229509,3
0.061459860651419,-0.0489424352490518,1
-0.130850378012952,-0.174646542804152,2
-0.0135585204870853,-0.69033567002147,3
0.0575968572672251,-0.045154401420293,1
-0.142959041787089,-0.172548418092862,2
0.00319938294151574,-0.545840673917926,3
0.054202480180381,-0.0477567224725408,1
-0.186206934660623,-0.299072643567739,2
-0.152085073732857,-0.587395126975412,3
0.0591189140187159,-0.0517089057859616,1
-0.170330337235215,-0.208956465732251,2
-0.211732959586805,-0.804274440703872,3
0.0632218945235629,-0.0435995253543604,1
-0.127334914140469,-0.162538085358538,2
0.0586858953705066,-0.666979021655747,3
0.0605625167666631,-0.04597883597358,1
-0.0703262929818423,-0.194218962141717,2
-0.0807579501912482,-0.717499333415566,3
0.0603599193557449,-0.045568594560143,1
-0.0775745649505023,-0.285323051550968,2
-0.100314796691535,-0.729526190912368,3
0.0631929360357018,-0.0437224650290853,1
-0.0733686795125315,-0.188136234429079,2
-0.0271081716048218,-0.751440547696476,3
0.0625613417474539,-0.0400373959648441,1
-0.218668486137781,-0.176773318456279,2
0.0425157156177691,-0.661366133414138,3
0.0595724191514259,-0.0431283593624679,1
-0.0717300205974728,-0.219593266443622,2
-0.127558077207265,-0.730680826058393,3
0.0661957354017685,-0.0353799960898372,1
-0.0770164201887749,-0.232781340076041,2
0.188644941416289,-0.643759095010156,3
0.0600178700472139,-0.0387343162863006,1
-0.161347128192728,-0.173087718044827,2
-0.0459351052059149,-0.66750672798915,3
0.0539053119396015,-0.0382182014533147,1
-0.0664254022293847,-0.139735523253865,2
-0.165683672351994,-0.575987991771358,3
0.0627860263085922,-0.0337278085959333,1
-0.0751916718448113,-0.211282705165582,2
0.0984114080358926,-0.626399144445249,3
0.0587232878662753,-0.0380407312118987,1
-0.125134295547833,-0.276523226539848,2
-0.134009572242718,-0.719006613105495,3
0.0592931791353459,-0.0324540074651379,1
-0.0324138695237528,-0.218189224824394,2
0.0201056683130231,-0.589372184535675,3
0.0597954581272216,-0.0359183762109951,1
-0.190025696081494,-0.213365766182382,2
-0.107462989865864,-0.739989710026231,3
0.0561781898559298,-0.0334319273109046,1
-0.0494634884381606,-0.258918474561382,2
-0.124275356023478,-0.630740686423015,3
0.0611144665195829,-0.0345203642919649,1
-0.0910185288817319,-0.234593604641986,2
-0.0977795832437994,-0.790998265814765,3
0.0637813575325538,-0.0339295217964742,1
-0.0456274163894417,-0.237700699548218,2
-0.0587557786809384,-0.858488223925904,3
0.0616658361994385,-0.030122229075926,1
-0.0621229513573816,-0.177695629463798,2
-0.00405380322145487,-0.733929184329262,3
0.0568272637221726,-0.0304208745874143,1
-0.0292430685623661,-0.183552486588702,2
-0.133755961916618,-0.690342454572938,3
0.0573421800216723,-0.0278343942412984,1
-0.0816881712759868,-0.253252784684225,2
-0.068407852539932,-0.653120654056291,3
0.0612928206733272,-0.029578218483746,1
-0.0878523704991406,-0.240609782809466,2
-0.0797305478891773,-0.825900846854651,3
0.0567761218173679,-0.0296045797701439,1
-0.123505072655194,-0.235424338284024,2
-0.19764899466845,-0.780192845766606,3
0.0565396924458781,-0.0274536955550041,1
-0.0148765384748739,-0.285373333365166,2
-0.159705538562857,-0.743939339627551,3
0.0603299780113963,-0.0264152523357804,1
-0.167197937313017,-0.290147015736205,2
-0.0791052819766437,-0.825238433519625,3
0.060481682011836,-0.0300589572394381,1
-0.168161876404295,-0.272331040903924,2
-0.231626143097133,-0.99802129589441,3
0.0643641845304687,-0.0218008810962236,1
-0.0802895094556258,-0.250130957288456,2
0.105271496442973,-0.83337094222842,3
0.060201319041263,-0.0215047490902339,1
-0.119174284418503,-0.322939953057036,2
0.00346174729189527,-0.782960791218443,3
0.0568936154229243,-0.0242170968344375,1
-0.0834854889076335,-0.198471529936945,2
-0.190172139968977,-0.857097165474638,3
0.0592879501179479,-0.0216340721038141,1
-0.140071051413481,-0.271311217704694,2
-0.07700268633951,-0.860708154738117,3
0.0596834573205689,-0.0163643023292496,1
0.00246734379508799,-0.26502040482896,2
0.0952392774646044,-0.724138330959624,3
0.057795377638501,-0.0149290899450102,1
-0.0868689865037374,-0.266737969436537,2
0.0811311891028779,-0.677829932059887,3
0.059266269082115,-0.0122037642515007,1
-0.0615751683780852,-0.285748486946685,2
0.188153082247275,-0.654999534978251,3
0.0565339563120955,-0.0172698933471492,1
-0.0594271693122964,-0.241416859796779,2
-0.0893086547119045,-0.835340779000861,3
0.0576181395385317,-0.0140392636517192,1
0.0192795608996866,-0.210297213118857,2
0.0300507125661552,-0.786412161602095,3
0.0554530831319346,-0.0114782676363555,1
-0.0347750669528873,-0.282441066413588,2
0.0539405623374488,-0.689527957840906,3
0.0546991310155735,-0.0115306601546808,1
-0.0769220135732356,-0.29697342999417,2
0.00807901200564016,-0.725428456149784,3
0.0538291928393156,-0.00892950398052254,1
-0.0688632272887312,-0.213310061093805,2
0.0648633529679476,-0.653787793797504,3
0.0523936831459151,-0.00749814267303391,1
-0.0443386121621832,-0.296857106992429,2
0.0631644887837178,-0.614482690304583,3
0.0555914169066337,-0.0088532780560901,1
-0.0702748390318654,-0.233383893184393,2
0.0574174500146135,-0.798656720306418,3
0.054643491084509,-0.0101226622702304,1
-0.0240284933499677,-0.249644049239096,2
-0.0441519950002885,-0.885002729088232,3
0.0527765770928433,-0.0084848844450599,1
-0.0721534150203216,-0.329788201281545,2
-0.0475637070728287,-0.828550724256558,3
0.0541890808141982,-0.00601122161386872,1
-0.0377830166062334,-0.225790223334936,2
0.0669317114594688,-0.81594893086854,3
0.0523773123025355,-0.00657499140016948,1
-0.0729285036687756,-0.30218301146546,2
-0.0283645691753824,-0.854451848322594,3
0.0543632347259198,-0.00483826699589935,1
-0.0935703657068186,-0.249512527189499,2
0.0735374025412615,-0.889543396854481,3
0.0491962041860502,-0.00541799737610257,1
0.00108267718140281,-0.29717117857087,2
-0.111852240514706,-0.843932887848872,3
0.0521158037828443,-0.00304277592574333,1
-0.00636640072382016,-0.274999554031506,2
0.0477995039933003,-0.875654027666292,3
0.0511034573636943,-0.00136694386048392,1
-0.0401491243048708,-0.281036719064632,2
0.0748500403010045,-0.834930119168832,3
0.0499492631210919,-0.000700393669631598,1
0.0243690489460879,-0.270586459101606,2
0.0515538879292654,-0.83698958862779,3
0.050649627812816,-4.39428135567015e-05,1
0.0224584191275082,-0.203364338744602,2
0.0798619554895852,-0.891843074302278,3
0.0482038894789919,0.00318278462400455,1
-0.027395211007234,-0.352351491015977,2
0.147737995004458,-0.730479914735696,3
0.0459334708434104,0.000387577099175343,1
-0.00903041937173797,-0.287819932638803,2
-0.081925646745663,-0.873675129431668,3
0.0472456923255558,0.000844191510597805,1
-0.0127902810353761,-0.262798567251362,2
-0.0441759613415737,-0.961694926964937,3
0.047358871429568,0.00415371326021057,1
-0.0634058099089971,-0.300263436143215,2
0.111462232089253,-0.864790568217391,3
0.0474594751071812,0.00594861726547682,1
-0.00828761136732311,-0.296045585970114,2
0.192645072777265,-0.845332225585184,3
0.0437329377154443,0.00869768115644661,1
0.031112839738034,-0.21078603643951,2
0.208681900079383,-0.647039475883322,3
0.0425414701200742,0.00975393524814009,1
-0.00219850335226255,-0.290691053392097,2
0.213495016344451,-0.619572723113787,3
0.0417287166463433,0.00550997041947787,1
-0.00162891983382511,-0.305389328747242,2
-0.0770426187632985,-0.914790582140465,3
0.0403376994860785,0.00954069700789432,1
0.0260654635130793,-0.250989951288713,2
0.0920742252987657,-0.712833247317427,3
0.0403513074938944,0.0112929890855909,1
0.0331767276154242,-0.280205960035581,2
0.177718052739088,-0.689013800031229,3
0.0410557675862751,0.0114281941378191,1
0.0238572517970506,-0.250619842976968,2
0.19427310146337,-0.781361478084385,3
0.0419622317905322,0.0136437878614879,1
0.0270567379729905,-0.288925143564041,2
0.338962550162219,-0.760049809172119,3
0.0403709734474988,0.00922172276215161,1
0.0245296017123333,-0.325187205255966,2
0.0183022266599743,-1.03850786869766,3
0.0391978078556383,0.0141654435884443,1
0.00808687491946961,-0.326478712561261,2
0.25376554561034,-0.789673339179705,3
0.0365015958160706,0.01297123414342,1
0.0459402873923813,-0.289119191522706,2
0.0852102202706811,-0.844204738569238,3
0.038825964491044,0.0135528991527238,1
0.0406755467130878,-0.271952607355757,2
0.187959745479798,-0.963227934900574,3
0.034877313285382,0.0167449434128774,1
0.0188549559257687,-0.303277849659088,2
0.233600501805221,-0.721820768734347,3
0.0338030860060101,0.0164910694866922,1
0.0545561287810468,-0.297590916731047,2
0.177348691968465,-0.774924247545916,3
0.032692632197421,0.0155872480586591,1
0.0579484206119887,-0.237375239020772,2
0.0836438575245088,-0.86392484621032,3
0.0341263158777617,0.01827429837116,1
0.0313050103668303,-0.28973109710355,2
0.283635411377265,-0.82983084527452,3
0.028928508782763,0.0159723849752587,1
0.0774980718646478,-0.26262899786565,2
-0.0245889718320814,-0.862272674083678,3
0.0298539962934956,0.0169874428802814,1
0.0806586115630528,-0.323800540891583,2
0.0645096271267956,-0.90679834638827,3
0.0278331638832579,0.0168263465870539,1
0.0525419546043631,-0.291205186063123,2
-0.0113341944310531,-0.920425671511201,3
0.0282441948831654,0.0204607774948987,1
0.0340772224459667,-0.314703279502428,2
0.21472343242825,-0.79522266483648,3
0.027568498397841,0.0224861915513255,1
0.0317780306576447,-0.29860762444727,2
0.312887878139042,-0.726126066170034,3
0.0241068775331716,0.020291066405888,1
0.0664381691234368,-0.29473807291096,2
0.0754326639179521,-0.807388343699004,3
0.0234237325967371,0.0219677409852933,1
0.0896767019487466,-0.299638613990848,2
0.155920140658155,-0.756879005156128,3
0.0232673831687929,0.0240112883365802,1
0.0574460299901667,-0.293878586599328,2
0.27659251815751,-0.702036227728774,3
0.0235158703617829,0.023304374590773,1
0.0520057579126919,-0.29864557297434,2
0.253121617660375,-0.81903039895049,3
0.0219324683660736,0.0235253791143225,1
0.0613184821145721,-0.305383271907049,2
0.223522614380256,-0.820462756967246,3
0.0204453908812279,0.0252199258820719,1
0.111781390265332,-0.300994890593571,2
0.283741467322906,-0.739110106937931,3
0.0192754028716467,0.0238148791996931,1
0.0773260938088347,-0.261969106002386,2
0.176655197675204,-0.84681840721483,3
0.019643994203643,0.0211652540761757,1
0.0942699572786405,-0.30799720971756,2
0.0503262607644933,-1.07709643901198,3
0.0159795741718961,0.027573185486936,1
0.0698175467431729,-0.291983567162623,2
0.314648155433599,-0.647864796410244,3
0.016146505537569,0.0250952236206089,1
0.119356809670315,-0.339318025833945,2
0.194276456378721,-0.859766357358082,3
0.0141171507601527,0.0251757290087575,1
0.0979686129384615,-0.226024712635735,2
0.149936636529708,-0.849397252707006,3
0.0151003156944096,0.0269497799450699,1
0.0763234109506911,-0.354755473730115,2
0.30561554668263,-0.840746221550274,3
0.0143631618439142,0.0259120725643076,1
0.075141461952844,-0.288837068045007,2
0.242510562585255,-0.936380664369706,3
0.0105670866763436,0.0258041762621547,1
0.142676910500832,-0.302308597593811,2
0.132380654812285,-0.875033175851424,3
0.00864245809104522,0.0245828987182734,1
0.0833409572430625,-0.279429301680383,2
0.021709980930971,-0.939655319113691,3
0.00901744173093585,0.0287920369600979,1
0.109260705295343,-0.277582543104738,2
0.303583125454905,-0.765784459608606,3
0.00582359359875022,0.0276906215696905,1
0.0909115946111868,-0.254912727440023,2
0.160182253128794,-0.778981693796209,3
0.00805764253460122,0.0266546381022836,1
0.0787600030258949,-0.258496796615559,2
0.203343419876938,-0.968748629003299,3
0.00693514819580637,0.0260219383610276,1
0.125562878209647,-0.32849045999656,2
0.159029694826312,-1.02190573368368,3
0.00373696701377992,0.026877545401443,1
0.124082356826501,-0.309090284959302,2
0.132859477954494,-0.918391485482457,3
0.00351695324155464,0.0267052240152232,1
0.122164167628419,-0.295013158034428,2
0.148088021991151,-0.972816045499007,3
0.00384416727831034,0.0285003184149029,1
0.11293489705782,-0.31990927778001,2
0.296905501462661,-0.930452281001002,3
-0.00123062173093401,0.0305225220409714,1
0.174151937970421,-0.218799402587444,2
0.279617030543611,-0.693117781224467,3
0.000254556328305503,0.0258109861803398,1
0.0965497503333122,-0.249706917519337,2
0.0930136171323945,-1.06393604908686,3
-0.0019179371821818,0.0280389771741611,1
0.141064407364268,-0.239859113265725,2
0.187365320154154,-0.909293928820692,3
-0.00229996111822861,0.0269084059868499,1
0.140110612594066,-0.276043351766166,2
0.148382255915842,-1.00783038260437,3
-0.00554208594866596,0.0298753283133642,1
0.181565633976069,-0.269142640360601,2
0.252433132083488,-0.772067827925624,3
-0.00576249684933429,0.0290677415890608,1
0.138351992368398,-0.277633364024922,2
0.240200000202472,-0.854758121010331,3
-0.00579517478943038,0.027755554667716,1
0.142832046545962,-0.275139195471257,2
0.206309403784409,-0.971679606130791,3
-0.00775300564223745,0.0304344368189715,1
0.155693218032344,-0.213147689942689,2
0.340574183653857,-0.791614182644092,3
-0.0112954615254263,0.0276310869549571,1
0.1386718033523,-0.287874100883423,2
0.105410646674125,-0.87487378044138,3
-0.0117377183720296,0.0277070494834798,1
0.146908316036977,-0.280470557703441,2
0.14210000082212,-0.893650117711492,3
-0.0118105264137508,0.029356600596635,1
0.145331371128574,-0.25815036323731,2
0.283630139997189,-0.83220939751626,3
-0.0137604785088574,0.0279084485304872,1
0.160221432402348,-0.256581458272277,2
0.184045932588659,-0.886109037129662,3
-0.0121493071085343,0.0257815890646081,1
0.202118120029583,-0.284000623878163,2
0.165529986061983,-1.09714548356626,3
-0.0150461366200583,0.0277086065466618,1
0.180662916453352,-0.250525492438327,2
0.232372369522208,-0.920866159011041,3
-0.0155672202241757,0.0280413759041189,1
0.189677419495368,-0.299388366533451,2
0.287532475459853,-0.915082688437099,3
-0.0178774905556885,0.0272439985967689,1
0.177459862190584,-0.294553398425754,2
0.218471408527901,-0.913475358028186,3
-0.0150807357181349,0.0264623959341254,1
0.191936329433318,-0.224038427690093,2
0.322488543694068,-1.08046832087537,3
-0.0208112686665491,0.0272047379507137,1
0.195432697009658,-0.239888534034045,2
0.230553517077636,-0.872096923634341,3
-0.0202528042944348,0.0283867602837725,1
0.192599824434534,-0.274031859371254,2
0.375857981138057,-0.847284345218598,3
-0.0241058700891073,0.026533283108855,1
0.157358322476939,-0.234752351077241,2
0.198519642860931,-0.849288491894993,3
-0.0228073484499779,0.0253418770528377,1
0.202008175806779,-0.248457211633276,2
0.233221404240366,-0.983893744205703,3
-0.0231875799774049,0.0266825411768245,1
0.19070607723857,-0.255912462301347,2
0.359706801891662,-0.913856667693693,3
-0.0261384637229096,0.0248983541293729,1
0.228586114362505,-0.22970138409068,2
0.219899938961408,-0.937445443100121,3
-0.0271059737052178,0.0241210570790548,1
0.180665172888391,-0.259636868472378,2
0.206014102613485,-0.967492919402578,3
-0.0245396670651886,0.0230001156072057,1
0.194133735558408,-0.222995859681651,2
0.29163720746063,-1.13430145056191,3
-0.0284714307855631,0.0252772873918445,1
0.182283076381861,-0.251990545598979,2
0.357799931693316,-0.884631543559994,3
-0.0290006456437027,0.023245345707315,1
0.216028268759369,-0.256027088881228,2
0.288921516488731,-0.997424755656778,3
-0.0292602385212571,0.024894375032233,1
0.211140569098482,-0.284729872494254,2
0.443723406779179,-0.904014813905434,3
-0.0304208130205248,0.0243428292887273,1
0.223437627230931,-0.249555244527321,2
0.441607115727729,-0.906515043887477,3
-0.0327320747125879,0.0221798385472825,1
0.216882110487304,-0.249815903434856,2
0.308345695049317,-0.962371377913051,3
-0.0314736461979579,0.0226937493385051,1
0.231208764706714,-0.16629782788895,2
0.45107076673806,-0.980845521537114,3
-0.0349775350763666,0.0208858345833214,1
0.172070622156877,-0.211830091172284,2
0.300301197155763,-0.972850348862278,3
-0.0379077128973847,0.0215083922699756,1
0.181295167180789,-0.230302292029543,2
0.310772585885738,-0.841314393259235,3
-0.037759423239733,0.018598386126492,1
0.24078712159541,-0.231417986974546,2
0.220206319212473,-1.0164498588597,3
-0.0400633783213109,0.0200956973093503,1
0.194261094720984,-0.226707702550349,2
0.304219831499136,-0.851779615768236,3
-0.0410224979268143,0.0186389382167363,1
0.263552963094644,-0.219150247698952,2
0.262613846844866,-0.902083350046662,3
-0.0398737135010996,0.0182222799515373,1
0.234351567832364,-0.191712125448138,2
0.352921707424691,-0.961000906546664,3
-0.0417242594481803,0.0181571691743874,1
0.253373545084129,-0.268173150160231,2
0.363871994004171,-0.897243878724699,3
-0.0437746473758724,0.0172460146026367,1
0.239322650403125,-0.224886538042878,2
0.31974566284815,-0.874246265062893,3
-0.0428839601326638,0.0155049778872624,1
0.204229128189048,-0.200057614505187,2
0.326800123009988,-0.996431353493807,3
-0.045783054450902,0.0148654288462196,1
0.233771190598482,-0.202718027223419,2
0.271451249943175,-0.925824162557258,3
-0.0465540912792624,0.017292905904737,1
0.219778609046909,-0.183490789567368,2
0.466404950555216,-0.746697381453873,3
-0.0486699284150406,0.0151306188360003,1
0.248490616889,-0.182814372148162,2
0.350228513704431,-0.787456990243778,3
-0.0447446530798628,0.0119080280115707,1
0.212130549166157,-0.22657350358949,2
0.375766583520661,-1.09085969540743,3
-0.0482006744717168,0.0102622404566112,1
0.266359079226466,-0.185363996403658,2
0.245893145040308,-1.05328963162596,3
-0.0446450046593422,0.0110886630188177,1
0.286400923407505,-0.1445596314036,2
0.495606918122566,-1.10563385253405,3
-0.0492174885460314,0.0119374220192629,1
0.218662402694005,-0.200656184948593,2
0.474440840232696,-0.882208046352236,3
-0.0509870584582623,0.0091856634885136,1
0.26281200062963,-0.194504973989724,2
0.338582864960556,-0.960459176557797,3
-0.0501480831512458,0.00639915961338842,1
0.253208840301678,-0.184212328225878,2
0.288768775111666,-1.12662397166647,3
-0.0549407800216921,0.00895035146779667,1
0.262297460821733,-0.181002067897644,2
0.360748842951478,-0.791723804022289,3
-0.0538858122191152,0.00747675915791207,1
0.247678396897902,-0.172985180272606,2
0.395493612047961,-0.885456002301818,3
-0.0551194854693666,0.00293309101214797,1
0.300096761733685,-0.151262688858236,2
0.175307865719819,-1.07922915018194,3
-0.0537709307588739,0.00615591341522916,1
0.257786801732158,-0.167886630811481,2
0.493899432937358,-0.9063838882407,3
-0.0564025161491799,0.00375230896815033,1
0.275020750210418,-0.181758005938079,2
0.352021509270224,-0.925447734232972,3
-0.0540836537061242,0.00564840894017745,1
0.255996277037202,-0.130931564970968,2
0.626840951935435,-0.859007354190863,3
-0.0584753122177317,0.00293040582125422,1
0.27852019384372,-0.143195878947088,2
0.408239988377372,-0.83394403413524,3
-0.0575316034068902,0.00169719418136278,1
0.24975564195673,-0.194209945337753,2
0.455498563355411,-0.900063716614822,3
-0.0579891503244385,-0.000969187156771657,1
0.24441537897532,-0.190388634302619,2
0.372584326887136,-1.00087627788321,3
-0.0567679285418177,-0.000545410937878613,1
0.231152837274943,-0.165002395758717,2
0.5261076612936,-0.976670662416465,3
-0.0579215367941955,-0.00476783272441932,1
0.291700412934364,-0.156848915113151,2
0.329715181165513,-1.14142928843729,3
-0.0570829963705618,-0.00619382328506934,1
0.309301029567944,-0.13334356847328,2
0.437327675829469,-1.03184231607976,3
-0.0587641577296387,-0.00316349384096405,1
0.256374991746463,-0.173030978153546,2
0.418554498605033,-0.969159342510201,3
-0.0589881129907537,-0.00712217332898775,1
0.317684907971086,-0.156837813425706,2
0.42135327419214,-1.01128074031904,3
-0.0619838575145803,-0.00677884235990138,1
0.247433326254423,-0.143950563887622,2
0.382163661151558,-0.988534045920304,3
-0.0610107378980537,-0.00695821955089217,1
0.245923084508264,-0.127755044875849,2
0.4022912460318,-0.973429982094834,3
-0.062379186102999,-0.00807759965149238,1
0.297676345439388,-0.116563626019655,2
0.386885853700757,-0.972248847070714,3
-0.064342557560143,-0.0130678422477934,1
0.291569679226062,-0.156320104662068,2
0.362193411838815,-1.02906095100698,3
-0.0642546385756676,-0.0101078524822948,1
0.285864323942498,-0.126692263203871,2
0.367993300059454,-0.966158285590194,3
-0.0614704016521301,-0.0142354913396918,1
0.289180010766175,-0.111406218758119,2
0.413988025107219,-1.00962709868614,3
-0.0618541633015451,-0.0147881380162246,1
0.302672387633403,-0.0962021154149677,2
0.412000801732777,-0.999162769858581,3
-0.0652636088202869,-0.0188013699848108,1
0.275481922035159,-0.156697950420531,2
0.364156829131993,-1.04056236961928,3
-0.0639613908080583,-0.0178203318326576,1
0.322705619442929,-0.108817607864393,2
0.386808927777206,-1.00668628294898,3
-0.0668239475928016,-0.0196146867484769,1
0.311782336166505,-0.10734491709509,2
0.346461573645871,-1.01438501280788,3
-0.0644967339358403,-0.0223074429312045,1
0.320203420190721,-0.0891649171718142,2
0.383808588951664,-1.03544095924979,3
-0.0658540190274717,-0.0204128547708276,1
0.298605454573413,-0.118392972065492,2
0.365367417044703,-0.987339761500883,3
-0.0655706832178448,-0.0234820883498739,1
0.268806605965518,-0.129433081663809,2
0.371235783209893,-1.01376398970229,3
-0.0683798990647063,-0.0241754531373894,1
0.265915435710461,-0.0683744271567669,2
0.330202729523788,-1.00430689623241,3
-0.065095953727003,-0.0250675573099621,1
0.281248192366612,-0.136749099799141,2
0.38047170847727,-0.997706379074885,3
-0.0643439504516481,-0.0247959571345379,1
0.216489238734086,-0.134263277509964,2
0.392270146263811,-0.973467371932268,3
-0.0682037027702149,-0.027106724528613,1
0.297405539327947,-0.077422309316132,2
0.334286393770369,-0.987968510225697,3
-0.0669714411973707,-0.030992597962037,1
0.318956463131182,-0.0440016747085033,2
0.352549451319622,-1.02606600012147,3
-0.0682391412547604,-0.0292096711371274,1
0.319779434078216,-0.0750281788285347,2
0.332802369782335,-0.978737959119435,3
-0.0694919716002219,-0.0297265725628414,1
0.334200303772325,-0.0744086681307115,2
0.312890028190532,-0.965923016162533,3
-0.0654223573968398,-0.0330672320285878,1
0.276787726225823,-0.0521999131668844,2
0.372712599582887,-0.995523899368299,3
-0.0677251305224561,-0.035868514754058,1
0.368328494428517,-0.0990476272704193,2
0.336215782233111,-1.01692407268982,3
-0.0674217024600024,-0.0384653498228138,1
0.283827988447685,-0.0609162514250898,2
0.338563175906665,-1.03517151290373,3
-0.0652649006983506,-0.0392341636892483,1
0.286703437944896,-0.0758583185375341,2
0.368426821861533,-1.02582476631169,3
-0.0656971256826999,-0.0384054163052008,1
0.308870746207044,-0.0452480185990094,2
0.358913125272637,-0.992354781649004,3
-0.065494790179663,-0.0415408025075699,1
0.318410176636783,-0.0769821687413038,2
0.358560051642489,-1.01852444536005,3
-0.0643254354404445,-0.0396089116323955,1
0.324498377807009,-0.0663250693920785,2
0.372376267408525,-0.968327419674371,3
-0.065523577645546,-0.0429539357714795,1
0.274746949157304,-0.0536758097376309,2
0.350136955357052,-0.997565800230538,3
-0.0658109017156448,-0.0401252956172678,1
0.317522185424587,-0.0314703969828779,2
0.341217565245873,-0.933773405077586,3
-0.0671293671568452,-0.0432290236306357,1
0.31689967977123,-0.0318262291750637,2
0.316364521367715,-0.959316414087813,3
-0.0663881001130748,-0.0496635133732211,1
0.277253680732072,-0.0296302726613613,2
0.322142395851614,-1.0350267352255,3
-0.0654100976317469,-0.0477155720654011,1
0.290335191389434,-0.106257761164024,2
0.33108985836827,-0.984432058436288,3
-0.0684270260863335,-0.0530553753282199,1
0.311624485286288,-0.0445220946567621,2
0.279440493519325,-1.04364320138908,3
-0.0627123788630752,-0.0518479455566661,1
0.31852399876082,-0.0337776007457741,2
0.358971120092106,-1.00419793086228,3
-0.0640947974841043,-0.0511268476797617,1
0.352892638605608,-0.0175686939593783,2
0.33115297789303,-0.972085855208612,3
-0.0629495483050554,-0.0540230946632183,1
0.276467031310547,0.00020933773374078,2
0.341030878553501,-0.99450912230591,3
-0.0634733134737626,-0.0584507551222644,1
0.320646832436215,-0.0557085407580015,2
0.325353987498542,-1.04004543240262,3
-0.0632872121376231,-0.0560848449153835,1
0.335325733453251,0.0242133718887517,2
0.319978644821276,-0.98320757811485,3
-0.0632062602737764,-0.0585597971434943,1
0.312481632185558,-0.0294443178755647,2
0.312620600840006,-0.999383315393223,3
-0.0620269928775455,-0.059408289563731,1
0.274755630362454,0.000999123716222388,2
0.321425618929971,-0.991086321418673,3
-0.0608388610717796,-0.061844165000466,1
0.277684837586893,0.00501129359590656,2
0.329971002967779,-1.00677925776682,3
-0.0592746879682309,-0.0648345099238232,1
0.274288485421047,0.0134328945006191,2
0.343794898633982,-1.03089921074858,3
-0.0597712497986622,-0.0653375805196804,1
0.272286394193604,0.0185929731258359,2
0.326150146291455,-1.01758242978632,3
-0.058503438136556,-0.0661324325045579,1
0.274194232241569,0.00214552251013587,2
0.334722798081465,-1.00874258410086,3
-0.0619348683780532,-0.0682480976574026,1
0.275389193715582,0.0588818921573361,2
0.272025243671256,-1.01991007429666,3
-0.0594830128921643,-0.0677460903538768,1
0.341258526948438,0.00227838019558782,2
0.297679078420678,-0.991685424712272,3
-0.0570923766783565,-0.0696960831815985,1
0.299328620332496,0.0129781179,2
0.322027692996699,-1.00054881732207,3
-0.0572338639274241,-0.0718921352491012,1
0.293115030303213,0.00574460899368925,2
0.307793144352921,-1.01323493345661,3
-0.0570380524564846,-0.0722321162629382,1
0.32730974070758,0.0414513643305389,2
0.298263941860071,-0.99803395384093,3
-0.0558659884302892,-0.0710249470815637,1
0.267820619985002,0.0460611349107849,2
0.303085296637437,-0.959608243416793,3
-0.0531970762249895,-0.0761419748862313,1
0.299944175291604,0.011067592835284,2
0.330119550639602,-1.01674732752049,3
-0.0587024690659618,-0.0778368910929001,1
0.291218362223003,0.0390341618738494,2
0.233414063597066,-1.0223872370116,3
-0.0554090358297042,-0.0772159495134229,1
0.350269115019866,0.0396154435236068,2
0.269127026837232,-0.993220268386098,3
-0.0535081454315431,-0.0786585881838389,1
0.274626789561848,0.0648655271849848,2
0.283456671835825,-0.99535233387629,3
-0.0532270657839286,-0.0805026540669699,1
0.272886038243498,0.0545635358517479,2
0.272969920029493,-1.00370661804199,3
-0.0528702436207928,-0.0793973230489019,1
0.268587115056087,0.0550068368251898,2
0.263262128830316,-0.967703700917183,3
-0.05080204097051,-0.0831330647077976,1
0.244380215191032,0.0685789341077605,2
0.279032525171753,-1.00496485452676,3
-0.0514167355182077,-0.0862058306595316,1
0.287829184828579,0.0734617407935182,2
0.253938194427391,-1.03240556298024,3
-0.0465557915900128,-0.0826167399822036,1
0.262683998147716,0.0361874502106143,2
0.311174787902612,-0.959441646473754,3
-0.0465294484574522,-0.0865589597349133,1
0.302602322875725,0.0989375546178144,2
0.295058488631336,-1.0004044344557,3
-0.0484315204677571,-0.0895210218710398,1
0.275543819896587,0.0644114524754151,2
0.249468657358935,-1.02677640195698,3
-0.0488482721193365,-0.0872227888265605,1
0.301314543567701,0.0790996897543904,2
0.225965532036913,-0.973910970725793,3
-0.0421166344877696,-0.0893968462885975,1
0.240312628707561,0.0887475955700006,2
0.310104657780763,-0.988815797509045,3
-0.0427372731723546,-0.0905853512395123,1
0.260924780015656,0.0362325615603813,2
0.282852522024317,-0.989062026158195,3
-0.0430502061752816,-0.09276058676732,1
0.282997361094275,0.0760917241745315,2
0.259916375541786,-1.00445121780369,3
-0.0427736837287747,-0.0935024280123415,1
0.257659458425276,0.105548262441301,2
0.245558937039054,-0.998426870200958,3
-0.039481101400268,-0.0957004480502331,1
0.23362054838831,0.0867182516221413,2
0.276455112758146,-1.01465471315605,3
-0.0406466204047744,-0.0955658071412985,1
0.316957283619364,0.160325954962444,2
0.2396703289183,-0.995889693064222,3
-0.0372019945311268,-0.0975078807416816,1
0.283176254267255,0.070892398829071,2
0.272244570996378,-1.00877054983528,3
-0.0359045607197166,-0.0994938950208284,1
0.276347742881819,0.128692281663393,2
0.272065464426849,-1.0225872659794,3
-0.0340945688895988,-0.0994726015841554,1
0.282130690976028,0.118114783934242,2
0.279334478806833,-1.00634043775752,3
-0.0315614539982863,-0.0990656387006434,1
0.267847265260491,0.10814712276518,2
0.29724186081522,-0.984543739441765,3
-0.0312315071246506,-0.101331884702819,1
0.253075297593266,0.133450730034587,2
0.281555050143069,-1.0034474466868,3
-0.0313589762713421,-0.100301453884243,1
0.262182683257145,0.131370650010796,2
0.25866631500891,-0.972806039980025,3
-0.0302223841834814,-0.101407353321928,1
0.247976907228241,0.0909498997008656,2
0.254609639394948,-0.974765106237287,3
-0.0280437036229692,-0.104346583354652,1
0.257344561289592,0.140292787398989,2
0.26603874926152,-1.00475700507889,3
-0.0306792209443133,-0.109524405949961,1
0.254775878852263,0.116820727146858,2
0.204397145545741,-1.06892374580386,3
-0.0307128352081369,-0.107967031345809,1
0.280449469566416,0.0960445874637937,2
0.181837758757266,-1.03155570448741,3
-0.0247427041525063,-0.106291357533525,1
0.257936335413375,0.164969712247523,2
0.249831739713259,-0.992719503227797,3
-0.0255225287670078,-0.106609596612723,1
0.26067346475943,0.158815087278083,2
0.215482491132141,-0.98437215050076,3
-0.0230480413688566,-0.108826942088468,1
0.239221071942549,0.12656630270008,2
0.230118051746734,-1.00509275597257,3
-0.019379831998819,-0.1065906210505,1
0.22940880139155,0.155056511697261,2
0.262581293058041,-0.958780138808628,3
-0.0212257981433965,-0.110189247355069,1
0.184157488183236,0.149528006446729,2
0.211387894028246,-1.00109753082006,3
-0.0159877168297326,-0.112984300993803,1
0.235944760714177,0.160159908803066,2
0.267159670977838,-1.03161852702381,3
-0.0160941274746545,-0.109647699098339,1
0.26907688738951,0.120688231534125,2
0.24184619998336,-0.969714754961068,3
-0.015698098883261,-0.113911654586399,1
0.205169228582035,0.184084011731692,2
0.223924411437191,-1.0231981426395,3
-0.0134650978471468,-0.113903118147348,1
0.244370973199984,0.217571460622862,2
0.23360216810818,-1.0123956563937,3
-0.011475815360735,-0.115861979921275,1
0.260349790919028,0.192613486935428,2
0.239398076932508,-1.03174933404017,3
-0.0120687943781596,-0.113167539466514,1
0.242759020615597,0.168113348471874,2
0.205917092705251,-0.98104634780681,3
-0.0134007502126101,-0.115991122566317,1
0.2145793847357,0.19474616455384,2
0.161063039779168,-1.01426221215059,3
-0.00723234308795183,-0.113465530614606,1
0.249561713129658,0.194966861033805,2
0.229589461098315,-0.966885887641458,3
-0.00202411574994666,-0.1163743470721,1
0.176245852807972,0.165536518899767,2
0.283423061371451,-1.0021860948289,3
-0.00609862121432274,-0.115367574659654,1
0.20603207942943,0.244811713961793,2
0.196538133763467,-0.978599406017386,3
-0.00344563016657746,-0.118039658055424,1
0.197100118892487,0.170756597560354,2
0.211372707464162,-1.01112892626392,3
-0.00368419219952726,-0.117674252751498,1
0.238148050365348,0.205261503172521,2
0.182272965398525,-0.998069492172973,3
-0.0021971926896433,-0.119703105989718,1
0.27027621801872,0.201285156152599,2
0.179170710799618,-1.02168802631718,3
0.00198248634571401,-0.117597930635061,1
0.190840728067132,0.18081682870655,2
0.216730224477509,-0.98310630172385,3
-0.000197867634133206,-0.11955057485415,1
0.189497252133444,0.216621784279409,2
0.157826573202573,-1.00641419598641,3
0.0061534118348602,-0.119744418088848,1
0.191013909044688,0.228189407869075,2
0.22806185629781,-1.00350535653018,3
0.00579419530008089,-0.122044508313264,1
0.215978382803113,0.15754435016959,2
0.196529364987467,-1.03293960658208,3
0.00691772953625343,-0.119846391328725,1
0.209817346212788,0.207801410961678,2
0.187365264690881,-0.994650399000808,3
0.0118034114116483,-0.120889646756407,1
0.166816795193599,0.148436921578116,2
0.235126059701608,-1.00591269926687,3
0.0091283174406652,-0.121434244703114,1
0.176014766481745,0.249872178546609,2
0.16822832177584,-1.01005953331802,3
0.0112007204456999,-0.124434884032555,1
0.165872509698832,0.250037306261829,2
0.173206701853206,-1.05187613109242,3
0.0140448839048786,-0.123397723152203,1
0.172038942897788,0.23286986925302,2
0.189822711796963,-1.03294041474482,3
0.0141301226981118,-0.123477416802306,1
0.176037137505077,0.246650427283101,2
0.16456476381988,-1.03138134231789,3
0.0163400200390756,-0.122434471169017,1
0.1557826473303,0.232581547229323,2
0.171469013566536,-1.01325376245659,3
0.0203315917870908,-0.122863286721932,1
0.187151505690903,0.252914461219847,2
0.205351654245239,-1.01789194507335,3
0.0219173139885746,-0.124002204571293,1
0.163429889229052,0.207490380176546,2
0.202732095806473,-1.0337547271646,3
0.0197970857676491,-0.122361970865889,1
0.171137238485416,0.21333333234348,2
0.143894741548862,-1.00793480128272,3
0.0244094810246023,-0.121031033621364,1
0.130444795767957,0.261184796454945,2
0.187141505691641,-0.987262018319993,3
0.0265717031278058,-0.121519153523816,1
0.141968436378614,0.179092388642508,2
0.193232267759882,-0.9946378095655,3
0.0264914720894479,-0.122750876930294,1
0.186900505095114,0.233802300378732,2
0.165317266907232,-1.01375822739043,3
0.0280124797853885,-0.117827742590445,1
0.133452802704664,0.235308556393582,2
0.161703122457698,-0.93998257586344,3
0.0333696580757615,-0.121546069551164,1
0.150990281139194,0.277186059679084,2
0.216309865666818,-0.997758237501042,3
0.0297589621349949,-0.119839489875134,1
0.150392041487622,0.235050712451928,2
0.134899676600526,-0.973706191522766,3
0.0332229747284372,-0.123812500285856,1
0.151863748545432,0.233300920437072,2
0.160863413329082,-1.03629688216642,3
0.0346608024834459,-0.122470834935889,1
0.14447282276336,0.256056556610146,2
0.156136330504196,-1.0187217985584,3
0.0349381003396659,-0.121760948012831,1
0.131702125168983,0.265370367788414,2
0.133856514531482,-1.01120286376274,3
0.0379312831764487,-0.12045640116603,1
0.139861640478763,0.231043563052084,2
0.152860272435516,-0.995129660293394,3
0.0423385524719519,-0.11992948281107,1
0.117733156996044,0.272486563115388,2
0.193407856916341,-0.991329220924154,3
0.0392453074861804,-0.121923277428253,1
0.121515531708257,0.29638660045796,2
0.120195518217379,-1.02626373984621,3
0.0422501901052719,-0.119573466996574,1
0.129931098391933,0.276693775683578,2
0.139639720479268,-0.995738308795955,3
0.0412351133695874,-0.121554416460014,1
0.119694782937557,0.267790432327795,2
0.0981608121118846,-1.03142970351276,3
0.045294641768128,-0.119877682453748,1
0.114667669961302,0.224707991243648,2
0.133836476537054,-1.01206454323099,3
0.0462211921570307,-0.119035992405393,1
0.127344111594385,0.25747946628385,2
0.122067648344217,-1.0058480333033,3
0.0476927829187969,-0.119528882362096,1
0.10238703063259,0.291870449447667,2
0.118704464931761,-1.02036861074794,3
0.0518571581212311,-0.116216393911222,1
0.131331460537423,0.328269297179123,2
0.156375406259138,-0.977570674238541,3
0.0516441603911847,-0.119609072060537,1
0.100582745215189,0.276803674804568,2
0.127716901850722,-1.0370747577807,3
0.0526904889366997,-0.120068475384662,1
0.0771504963093242,0.263077257550858,2
0.118339391351634,-1.05250298529049,3
0.0541254765203115,-0.114913273362552,1
0.0909277905800487,0.273109193646653,2
0.115030436285496,-0.983111980232792,3
0.0541106754974782,-0.115910878860544,1
0.0736205107790449,0.286716976596218,2
0.0898707653003653,-1.00764877118335,3
0.059721923448221,-0.114977229509574,1
0.0797763048722496,0.295782098153524,2
0.150368089982576,-1.00331252184393,3
0.0616358682622468,-0.114653199474898,1
0.0428031441914756,0.266769553731635,2
0.154889376700434,-1.00870141184149,3
0.0609464712019344,-0.115252495046433,1
0.0725250006004253,0.268989545097236,2
0.120052884311538,-1.02858288565207,3
0.0634971994096826,-0.112563761952844,1
0.044711793518079,0.291431368454248,2
0.134660297205254,-0.99895871349434,3
0.064375829696833,-0.112184741734431,1
0.0663982090895739,0.269614583675284,2
0.124075526231138,-1.0048899057113,3
0.0629724454905258,-0.111514372568917,1
0.0284626111686848,0.311522194910669,2
0.0790304515393359,-1.00684810066776,3
0.0659736893525286,-0.111107308670621,1
0.042703881906252,0.309930661329464,2
0.101166763212531,-1.01326082215037,3
0.0699457548120198,-0.10987672075904,1
0.0620099442966107,0.297688362464982,2
0.138308948209631,-1.00760442415335,3
0.0695335330110971,-0.109870042356289,1
0.0440474735294925,0.32573655546151,2
0.109054141934003,-1.02100055127751,3
0.070894489146366,-0.108412733614926,1
0.0628665465755064,0.32945681756216,2
0.10701531572753,-1.01278577420251,3
0.071390935274365,-0.106124987770635,1
0.0425523613064568,0.296227413050786,2
0.0920994653059132,-0.992381921070606,3
0.0717945789449882,-0.107158399854132,1
0.0259554875353137,0.316997920530176,2
0.0760469590705751,-1.02291585364537,3
0.0779361402340599,-0.107464394063136,1
0.0407757917646375,0.342571686298682,2
0.147540843539132,-1.04282474285064,3
0.0745716958741685,-0.101947644419877,1
0.0260652620738362,0.300293225063455,2
0.0747579590470136,-0.9746045967404,3
0.0769356414188614,-0.104259840296528,1
0.0478311394274989,0.30383795865477,2
0.0893977072003256,-1.02588259613541,3
0.0765735294725352,-0.103429293533079,1
-0.00717930765893673,0.292919665191007,2
0.0628802037444135,-1.02978237117146,3
0.0803571550894441,-0.100266264011759,1
0.00855284651597924,0.324476299544271,2
0.0997458607223651,-0.998614575191542,3
0.0831823195097565,-0.0997212754325114,1
-0.0129038260866063,0.324679231752663,2
0.122359952999027,-1.00768616567592,3
0.0825373885244626,-0.0968087319074723,1
0.0278779678422594,0.301185439374653,2
0.0925099652077964,-0.981142479378648,3
0.084892986834247,-0.0961307793773571,1
-0.0186363337872465,0.301387905484492,2
0.108654604238771,-0.989001209820518,3
0.0844889631636328,-0.0962654512187989,1
0.0101442421935004,0.31305544171741,2
0.0831526938921279,-1.00962595983427,3
0.0873527820166691,-0.0969637848460175,1
0.0106018271054996,0.308863102203888,2
0.10773705492382,-1.03922568232557,3
0.0862188096097018,-0.0940383961794597,1
0.0384587652584723,0.352669520027463,2
0.0718379919312199,-1.0140616062278,3
0.0897217908414301,-0.0932178539726036,1
-0.0410074994056126,0.301700913826841,2
0.106887108016819,-1.02131586397901,3
0.0902829584948094,-0.0898913195004727,1
-0.0109077948819468,0.306670705266505,2
0.0975343731056666,-0.99079819717485,3
0.09267119795489,-0.0876710431392205,1
-0.047895656470249,0.311042929485388,2
0.116380506602537,-0.977488854300283,3
0.0923565611747396,-0.0883434938039201,1
-0.0372091793081116,0.267301209789505,2
0.0944666265238093,-1.00858693578551,3
0.0910857335120465,-0.0871566159513,1
-0.00387280798063155,0.348745192898159,2
0.0583864957706439,-1.01173688319956,3
0.0942044362435405,-0.0839381404291073,1
0.0176146083432844,0.306356229670092,2
0.0895504664649477,-0.984302147886611,3
0.0951202657467835,-0.0862853678562591,1
-0.0269366219071537,0.308533819350164,2
0.0875811676621382,-1.04197377082764,3
0.0949046371149047,-0.0801089636510295,1
-0.0590148646415401,0.348434574905959,2
0.0687954859943912,-0.970171601688228,3
0.0957201270932926,-0.081878217052849,1
-0.0716698585152274,0.333326799198341,2
0.0661364937978397,-1.01972161135677,3
0.093850470117366,-0.077870374392014,1
-0.0870262037652998,0.329993814914258,2
0.0230024532048076,-0.981601049270866,3
0.0988178020709421,-0.0767573344479943,1
-0.0372801914291318,0.341350676526769,2
0.0844572980204979,-0.987895932507436,3
0.0980072511991042,-0.0726630934946522,1
-0.0562733777623456,0.332407819844879,2
0.0583317694161689,-0.949083009921922,3
0.0969691643181265,-0.0723526607096061,1
-0.0645288236454255,0.322693646721181,2
0.0291823643853986,-0.968224673967845,3
0.0971850837960876,-0.0758418584168116,1
-0.0558722400364299,0.326939937557565,2
0.0195906180208949,-1.04556918875521,3
0.10150554190856,-0.0714071355694283,1
-0.0930215106669032,0.313225423859381,2
0.0730086984401626,-1.00245802232106,3
0.100809530945895,-0.0695120532999533,1
-0.0505762362318491,0.265735654365782,2
0.0504429712410457,-0.998330302958109,3
0.101767822996201,-0.0679415750043289,1
-0.0911062363299444,0.350565946046468,2
0.053558417614373,-0.999425527908353,3
0.100627811507359,-0.0641148452467082,1
-0.0906992781767951,0.360330222812149,2
0.0251629166857986,-0.966395393887329,3
0.103554083402239,-0.0641475288904099,1
-0.0645750197609709,0.29294615359931,2
0.0592324207623714,-0.992456519688068,3
0.102216079647937,-0.0611228676706253,1
-0.117467730213794,0.311759745963648,2
0.0287776316358845,-0.972161067851508,3
0.104443057516993,-0.0618509573310128,1
-0.122079587744888,0.290258561412786,2
0.0531636743087299,-1.00932623097373,3
0.10441259876358,-0.0598696083662368,1
-0.132475503032205,0.310429509076347,2
0.0436239531201816,-1.00541757645921,3
0.103313658745728,-0.057202033481137,1
-0.109756983957296,0.309739915791064,2
0.0182859040677961,-0.991270497613161,3
0.107478889778773,-0.0556902357303534,1
-0.0907166311600767,0.350498544626229,2
0.0737310071302135,-0.994966870436724,3
0.103755030484251,-0.0537242495475209,1
-0.132128687215456,0.30221416978738,2
0.00936213321259247,-0.991946364543054,3
0.108480577347306,-0.054385872054347,1
-0.122816756413954,0.34582237530863,2
0.074378289004743,-1.02920785318184,3
0.106574446183349,-0.0495138968066533,1
-0.122490583951584,0.317686394482288,2
0.0387515245766777,-0.982252257479799,3
0.106622450545107,-0.0481168475869442,1
-0.114333273772856,0.326584869270149,2
0.0334487933370938,-0.988487246420339,3
0.104739559054589,-0.0445019561100441,1
-0.133846965994311,0.334708011852726,2
-0.000795574492911885,-0.961058640705112,3
0.105469884052743,-0.044264828728724,1
-0.133356172054385,0.269359563208063,2
0.00535270421209144,-0.985331952634484,3
0.105196611483579,-0.041983045721989,1
-0.141945371344512,0.325118550872871,2
-0.00328669772033955,-0.978563530394449,3
0.104652358439616,-0.0428962249724714,1
-0.154896681507073,0.291328324112137,2
-0.0155338618273561,-1.02070069341316,3
0.110226447504418,-0.041757332980484,1
-0.156821793131299,0.320502377526596,2
0.0661317028473378,-1.03166198287783,3
0.10620671796693,-0.0380885130177363,1
-0.148831610417041,0.324725762840949,2
0.00190477326693464,-1.00413605707579,3
0.106294156311866,-0.0353551138666871,1
-0.171656896193848,0.320063285822051,2
0.000901035100726401,-0.991003356307521,3
0.108018374989443,-0.0339048980041058,1
-0.157414301483277,0.316535984213914,2
0.0254239864979001,-0.997566973161197,3
0.104440777936016,-0.0319595130158801,1
-0.189115783375012,0.322218250346717,2
-0.0304556922363626,-0.9966704465226,3
0.106276322633766,-0.0306820282909928,1
-0.120471077950832,0.352717086881157,2
-0.00314816747235586,-1.00606117738017,3
0.105089600553728,-0.0276592851789593,1
-0.162716151829658,0.273479196781405,2
-0.02144333864728,-0.988881909633587,3
0.107277104789,-0.0280801100506708,1
-0.202631435749557,0.287486939794703,2
0.0123340253344035,-1.02435824571538,3
0.107152963985556,-0.0241517837843733,1
-0.237733612923983,0.318842078965611,2
0.0113579413482894,-0.993475360121876,3
0.106680524001489,-0.0223991268016421,1
-0.194512289429851,0.271606534555304,2
0.00560929529220359,-0.995868317353299,3
0.108421836585713,-0.0221620909391016,1
-0.187584102034531,0.267491884340814,2
0.162031664961806,-1.09593164229513,3
0.105585706068262,-0.0175981317663544,1
-0.143782172409738,0.288254676805698,2
-0.00835870415230584,-0.91423108292349,3
0.109020937037584,-0.0157389792478647,1
-0.218416002431986,0.313032101554261,2
0.23565078077935,-0.916865347682048,3
0.104490677573004,-0.0132990004676032,1
-0.258039504274796,0.269373306719058,2
-0.0267875511910352,-0.883042722926504,3
0.103745102795911,-0.0138512383349323,1
-0.215472195875972,0.253109260160127,2
-0.0437335393334637,-1.03139914453558,3
0.103118277657613,-0.0107070050834315,1
-0.197283653586832,0.248001210660721,2
-0.0505899293865431,-0.954444566356537,3
0.103424600942724,-0.00834518143910791,1
-0.215886011205337,0.25913688594213,2
-0.0015037137591255,-0.925931724906421,3
0.104282964278601,-0.00710267113984266,1
-0.235317680087167,0.261848187332599,2
0.0781960019264089,-0.961059967130121,3
0.103625514273603,-0.00461497608808207,1
-0.203027263876282,0.315641752229216,2
0.0735036684416924,-0.926206264890976,3
0.10186164051592,-0.00108997653435572,1
-0.178857428192913,0.31532832343711,2
0.0119268274605242,-0.837076628930563,3
0.102107685424196,0.00111528715427808,1
-0.251250344770521,0.272091216615556,2
0.0601080742789631,-0.820348994877661,3
0.0991370745394584,-0.000145367675204775,1
-0.208360453759689,0.224095337425439,2
-0.0566941958073254,-0.981604289123424,3
0.102342740535886,0.00439549362478985,1
-0.309483227512042,0.264763540250485,2
0.143565361546755,-0.844359948466515,3
0.0971341568405306,0.00572549687106408,1
-0.225067366814702,0.313386327139841,2
-0.0771813863949616,-0.870284709100071,3
0.0971414610669376,0.00499227170704724,1
-0.209487542598254,0.255507556015245,2
-0.0353071956978539,-0.994816443136348,3
0.0989090058963085,0.00640437913739431,1
-0.226632401210584,0.299379842743378,2
0.0907179696290026,-1.01231724472062,3
0.098451279810706,0.00925327612999645,1
-0.307918737917425,0.240097762698534,2
0.109979169046187,-0.961422087313742,3
0.0961890277784731,0.0146832602281659,1
-0.262308243495325,0.199189890536797,2
0.047136405591701,-0.792681937866659,3
0.0988015866248595,0.0123877619258592,1
-0.286883185815391,0.20927651670375,2
0.209119277978165,-0.979216400192848,3
0.0959942715005013,0.0153029379418603,1
-0.334954576520846,0.207363327398855,2
0.125608714324275,-0.926639813835927,3
0.0940931108447469,0.0160321171724385,1
-0.230278357231909,0.230033364835968,2
0.0860705305143401,-0.971275889192448,3
0.0912191284536783,0.0149125933612768,1
-0.238466461952,0.28039661744955,2
0.00700739665744348,-1.09425469898692,3
0.0902946007841069,0.0210570199991018,1
-0.285351344701997,0.256888196484214,2
0.0150923685332886,-0.902328084511685,3
0.0945961246418811,0.0203258207701631,1
-0.278023052352231,0.24944919719401,2
0.245058819477219,-1.00524184685285,3
0.0856845806574809,0.0287879549646006,1
-0.298663331384697,0.225766183596648,2
-0.0800510144281483,-0.721774724783009,3
0.091443038350814,0.0247584096833,1
-0.277221693179246,0.261345280088695,2
0.207953225556946,-0.958643744281232,3
0.086871998963401,0.0271532053336111,1
-0.342551368105827,0.218767008163176,2
0.0706245804964889,-0.927950358581506,3
0.0862701282636335,0.0241562087460702,1
-0.273544482151486,0.189705375458775,2
0.0972580229854681,-1.11358844224691,3
0.0800605952959122,0.0312420148764813,1
-0.256359268133383,0.158884533169484,2
-0.0976844270760532,-0.894410017731584,3
0.0768975323325475,0.0299025373950135,1
-0.335217426671323,0.28009133840365,2
-0.167431955926577,-1.00968055676706,3
0.0819113281244008,0.0376669046527707,1
-0.314028153979111,0.23397856056735,2
0.0823563726024606,-0.768959779804829,3
0.0793723321114754,0.0350861634361595,1
-0.29625375933881,0.163363300413696,2
0.0385337900587823,-0.929040381667832,3
0.0752603245876583,0.0410564170012868,1
-0.323026208411071,0.172561103535416,2
-0.0627058209373338,-0.760881558984162,3
0.0797527383090868,0.0398007052905753,1
-0.31496858239089,0.237346141798565,2
0.161892782797153,-0.866322562728155,3
0.0734177799085137,0.0438817572267029,1
-0.311219929814446,0.199508121966873,2
-0.0186225775361255,-0.770784072184683,3
0.0776672064407318,0.0408683807169347,1
-0.290599902433149,0.203784307320724,2
0.194255225738159,-0.93679201886792,3
0.0723379577931311,0.0436799129802428,1
-0.341789734765646,0.221033202792514,2
0.0558532145955917,-0.886912207198315,3
0.0746967503036996,0.0449286954206283,1
-0.323519225647757,0.169827801845828,2
0.197930028127462,-0.893384016830778,3
0.067954129887918,0.0446952026694403,1
-0.32548990113036,0.180960416067715,2
0.0139504275463271,-0.951677167449336,3
0.0677357077658227,0.0504993336351795,1
-0.341760357889012,0.180902369966924,2
0.0648174278515775,-0.794822733139415,3
0.0675472816552478,0.0481404230610721,1
-0.226717199335303,0.170695016857645,2
0.116791339886773,-0.925490485083559,3
0.0628831183918541,0.0482061734413354,1
-0.37491760597019,0.203090720438542,2
0.0136756579600716,-0.968818138322762,3
0.0645381344507986,0.0476517773945132,1
-0.310379280532524,0.178678457572675,2
0.130417844496146,-1.03174519147792,3
0.0640274311058004,0.0535417010332594,1
-0.415482178682331,0.247867516302377,2
0.172297392784389,-0.873218876957406,3
0.0538869255546107,0.0629108183445967,1
-0.330399203400931,0.181218401327084,2
-0.110680177456997,-0.599049552908786,3
0.0573924252378152,0.0554009714114113,1
-0.390837065332022,0.236189196528535,2
0.0687259402286907,-0.893463767938554,3
0.0556241821430095,0.0592382361763327,1
-0.365485431799616,0.163798102509332,2
0.0709529389654241,-0.805380441536953,3
0.0572402482450082,0.0610105870885495,1
-0.373442078288189,0.131239012878477,2
0.185370748585852,-0.785728430425074,3
0.0547759472115987,0.0541306172299829,1
-0.474676196598571,0.0935015665332336,2
0.165519008974062,-1.04789968162628,3
0.0533783914476687,0.0640520026825033,1
-0.352062413920437,0.199307940330754,2
0.181322558573552,-0.760678908947847,3
0.0521853303163874,0.0641785329549377,1
-0.31374331100507,0.199067313453997,2
0.204211839285235,-0.791736872495945,3
0.0463824467272978,0.0650098644679601,1
-0.367224336730279,0.158179686843437,2
0.0804747566547385,-0.798813155234365,3
0.0492819180413928,0.0656724451448571,1
-0.33656141693668,0.0246304113574342,2
0.234749529373946,-0.810089982412601,3
0.0443209044345086,0.0702580024682672,1
-0.368902078113604,0.0588520943506207,2
0.140483299389947,-0.696926440814055,3
0.044372015673918,0.0634850727777315,1
-0.298009515978153,0.0880392317772023,2
0.204557937509973,-0.938557995722614,3
0.0429409600957518,0.0689295744076509,1
-0.402906196849599,0.0375434232003133,2
0.222460135754607,-0.797427415274039,3
0.0416151774185201,0.0636487471608616,1
-0.330700127017214,0.143522024481584,2
0.243959482455905,-0.986896565649437,3
0.0360588142111573,0.0702198223402479,1
-0.396707583966236,0.112289236389785,2
0.136642197207141,-0.810933376393309,3
0.0365556475087973,0.076366363256694,1
-0.396548431839007,0.165215952235134,2
0.214835101107697,-0.64921669686522,3
0.0346152066570261,0.0694106906611018,1
-0.436215625998121,0.0902188284510702,2
0.219141968192926,-0.882989789435514,3
0.0331900223514167,0.0765042451407539,1
-0.391009672312555,0.0216569961084314,2
0.239317264093536,-0.69251341645303,3
0.0212174323817287,0.0736018554582366,1
-0.441408120998291,0.104468043376722,2
-0.0534847134541669,-0.800324188575431,3
0.0289879684505398,0.0704976840479033,1
-0.378288247535684,0.0259493656298734,2
0.240464029590091,-0.911568927877234,3
0.0295847155649186,0.0740387937799712,1
-0.391261685712811,0.0675893825164561,2
0.320784602732626,-0.825508212370978,3
0.029143785658575,0.0769889484298463,1
-0.365181861423091,0.0883735181814466,2
0.370288802279798,-0.756661644565148,3
0.022927581356715,0.0756276532628387,1
-0.431841882818547,0.0904756162320766,2
0.252465250738525,-0.812336467967629,3
0.0138601222731153,0.0751388368382727,1
-0.464788650169798,-0.0587274958272732,2
0.054518097481864,-0.841114996700527,3
0.0094737983173204,0.0806813290399297,1
-0.302085064048354,0.0362960695578801,2
-0.00684694244756442,-0.696066570039555,3
0.0129731009809385,0.0824398123900639,1
-0.407812725743641,0.080963747337864,2
0.156844822152148,-0.65915029445198,3
0.0105632720550697,0.0771050215124507,1
-0.304086632114474,-0.0284537371143219,2
0.152046263012783,-0.82181242570482,3
0.010223602308951,0.0808636238765681,1
-0.366825470297791,0.0533793877887425,2
0.205692954738384,-0.726217304827575,3
0.00440873664117654,0.0749742612106113,1
-0.452862482670281,0.023378584685043,2
0.106227690102155,-0.899789525658621,3
0.00939811376027629,0.0777649257477173,1
-0.369122631816724,0.0329411573384387,2
0.307837872695573,-0.829464469935922,3
0.00415647045506031,0.0812437565165401,1
-0.305777813612997,-0.0566554957471772,2
0.225214690591181,-0.739848734127185,3
0.00199510828037618,0.0849170816116249,1
-0.35389379684419,-0.00408506541492637,2
0.228200634298846,-0.644793580410566,3
-0.00280104712373909,0.0858481323924502,1
-0.326372329579832,0.0536683505508887,2
0.159496792174332,-0.62444899533308,3
-0.00310297222338368,0.0827438114286163,1
-0.396606895016963,-0.054130397390345,2
0.213577222378328,-0.712615507359526,3
-0.00444776247628688,0.0866430211001185,1
-0.466971941714735,0.0183640388998819,2
0.239080477967644,-0.609827984106087,3
-0.00912583356462592,0.0799224024319328,1
-0.372207918395305,-0.0194503396827153,2
0.175030802926874,-0.791839702783009,3
-0.0180461186718925,0.0832779928482872,1
-0.331728556658845,0.0728188279459221,2
-0.00139060172073474,-0.701984562500433,3
-0.0157910693328621,0.0823995543600383,1
-0.422943563770399,0.0522673778693603,2
0.120651009664447,-0.724300597947438,3
-0.0207876670723283,0.0824974507100013,1
-0.467515914023198,-0.0466987423389966,2
0.0500650329755724,-0.719487504293647,3
-0.019656932175924,0.0848320118660662,1
-0.390222206833998,0.0352051960097168,2
0.141121717157361,-0.654876655794479,3
-0.0158938422582155,0.0837348251253742,1
-0.250708377187486,-0.0354089470598926,2
0.30000560725566,-0.679447688152594,3
-0.023750894279517,0.0802210088722715,1
-0.340411471802463,0.00605750853449054,2
0.155290295586731,-0.765447081751873,3
-0.0285689866106947,0.0784481130171274,1
-0.438810625743312,-0.0741607832382756,2
0.0905855264457418,-0.804447791844135,3
-0.0214123084000555,0.0772673347955038,1
-0.41269885621768,-0.0437579084942613,2
0.334542191144334,-0.826713116996852,3
-0.028578602827245,0.0776199264856008,1
-0.420521498524345,0.0162848473637859,2
0.209363329010894,-0.808397579545987,3
-0.0242809881260198,0.0861426984085413,1
-0.391969255815523,-0.056329672502283,2
0.377348593095216,-0.581037792442648,3
-0.0328959179326505,0.079962196408301,1
-0.555522035809541,-0.10563668764201,2
0.216269455120402,-0.727504622316854,3
-0.0337675186490575,0.0749507836674085,1
-0.422277632178526,-0.100532654920421,2
0.251961002004721,-0.841967613218217,3
-0.0411071383180186,0.0800787386916831,1
-0.404355558572536,-0.124096429155114,2
0.12477131239168,-0.699673926249281,3
-0.033900287444319,0.08312518184073,1
-0.444451189979481,0.0852786092725673,2
0.362116207530346,-0.609651098391039,3
-0.0382937882257663,0.0754173911483496,1
-0.387366484916931,0.0589390217997747,2
0.308530788636945,-0.78686484930083,3
-0.0387319986579454,0.0709654807901692,1
-0.396453571445887,-0.0592229086652246,2
0.35316132142439,-0.880750643587059,3
-0.0439445992471638,0.0822269115039998,1
-0.407096157666496,-0.0243791340496148,2
0.279504969368755,-0.58547542427114,3
-0.0509809356337052,0.0814568119954476,1
-0.41056146372867,-0.114136619457656,2
0.161541493528487,-0.586969317738501,3
-0.0479662947607062,0.0746543292230087,1
-0.329475054828423,-0.164516302759718,2
0.289834019837357,-0.734700785062526,3
-0.0505295370948758,0.0849308148982564,1
-0.402530989886897,-5.73123040937817e-05,2
0.281094352585954,-0.464838726100102,3
-0.0587897422031402,0.0772946577259218,1
-0.398207658545093,-0.181039557969007,2
0.134248262426824,-0.62987569963293,3
-0.0567527873780672,0.0751288474894618,1
-0.441659832669766,-0.108868472740864,2
0.236516989484501,-0.660595774540778,3
-0.0665617347036078,0.0696784770193495,1
-0.418351877818485,-0.236511175015808,2
0.0533444977824215,-0.768820236406799,3
-0.0553251855119668,0.0707866627212261,1
-0.469895455190348,-0.142423144723015,2
0.374170314393241,-0.718403987184937,3
-0.0696724237851623,0.0707491055113656,1
-0.377966644801953,-0.149771095510173,2
0.0833118853026368,-0.694656429609983,3
-0.0634280827488304,0.0647331894969392,1
-0.340039848114032,0.04781619602124,2
0.282283224007761,-0.811707785687265,3
-0.0619453706053743,0.0660397805006046,1
-0.302177068050452,-0.159903628466039,2
0.366867073642664,-0.754057674458488,3
-0.0703228392310454,0.0703882777476037,1
-0.271987542569631,-0.241863065859028,2
0.218727460514557,-0.624447114896867,3
-0.0685686293025789,0.0763734851149317,1
-0.448313962105831,-0.0775246765801359,2
0.308378888987099,-0.456640183628859,3
-0.0603197790015256,0.0700288465994613,1
-0.377218662623865,-0.181774029174316,2
0.548143861993763,-0.576466576370478,3
-0.0812260555415357,0.0676527683565892,1
-0.438979100256184,-0.0433850926431505,2
0.109067097064188,-0.602275123771768,3
-0.0756229020260681,0.0680705971047079,1
-0.407435823530162,-0.201557075266638,2
0.285622263789302,-0.562358525717506,3
-0.0753621060060096,0.0640105699770083,1
-0.392939611857667,-0.122316354465993,2
0.337312685586741,-0.624872670972988,3
-0.0816736206991761,0.0655130591371215,1
-0.333594736277725,-0.158489965389941,2
0.237421549710097,-0.55844070871796,3
-0.0723027040591483,0.0686672407703632,1
-0.387067423912341,-0.167517275499775,2
0.495875418056923,-0.453893056508719,3
-0.0807816987572273,0.0609369952615403,1
-0.341122843095492,-0.0449134566710327,2
0.345788349417922,-0.596803746180999,3
-0.0838924136269445,0.058257341747295,1
-0.412362351826735,-0.231093224520016,2
0.317937505379993,-0.623274273079441,3
-0.0882273959633133,0.0548590805879473,1
-0.480694716832642,-0.276885150439224,2
0.262103138336898,-0.664866591290011,3
-0.0816930050948814,0.0534666038577228,1
-0.345921634159592,-0.125052046955883,2
0.450485122092947,-0.660165264167869,3
-0.0891864205219148,0.06003014779743,1
-0.361272981114601,-0.140521687565018,2
0.322656071486321,-0.476436621393305,3
-0.0918285166972022,0.0527814489421417,1
-0.332179032121407,-0.111375261088045,2
0.303429556035117,-0.601428714204542,3
-0.0964441833171441,0.0469415054604579,1
-0.409975948226546,-0.31604668610533,2
0.239851779091153,-0.693324199229363,3
-0.0891107734183076,0.0520320632203091,1
-0.416369543570855,-0.156880304324116,2
0.44075250445042,-0.541621737829288,3
-0.0957070984758608,0.0501922777804725,1
-0.377023006833927,-0.228198976587467,2
0.332150979658442,-0.543141822195495,3
-0.0973274005025133,0.051024384064002,1
-0.30857653756571,-0.243564345113131,2
0.33308411112649,-0.485099378303053,3
-0.10606690653453,0.0468544279934442,1
-0.327110889979381,-0.146167324044905,2
0.177385263390919,-0.536256996333017,3
-0.0964973267611104,0.0521281427031891,1
-0.336653701460611,-0.187104700989182,2
0.421756178292179,-0.380135847281369,3
-0.0965983258773072,0.041586866542665,1
-0.355710135596282,-0.388238598564232,2
0.453356489974061,-0.568323260118104,3
-0.105721951224362,0.042530817731573,1
-0.3746609077157,-0.212146687624976,2
0.288488177005238,-0.505511077429624,3
-0.101237061465565,0.0358667039781437,1
-0.269660209727743,-0.208568522269096,2
0.417948555999958,-0.606701311720589,3
-0.106965057838597,0.047623487850273,1
-0.272127297666058,-0.254347940438308,2
0.325991003786525,-0.310036274719778,3
-0.1043852950219,0.0361480820808001,1
-0.244363848238979,-0.331784047638695,2
0.412096169080511,-0.512942239483653,3
-0.11535695963293,0.0398944839999188,1
-0.159134081873583,-0.0963967766348333,2
0.207244135310485,-0.38843555578715,3
-0.111335724200441,0.0314388369605213,1
-0.247946026491514,-0.153450150361104,2
0.322357897308826,-0.523978651074356,3
-0.110922322852992,0.0329281992339347,1
-0.426361843976908,-0.33313464999891,2
0.35933816721496,-0.446837878654178,3
-0.104449393224908,0.0261973140747438,1
-0.307950419061537,-0.190377931354305,2
0.52347243137723,-0.543454459049158,3
-0.127750219982107,0.0270383980830657,1
-0.255309159444335,-0.142809192717106,2
0.0579968295058978,-0.479141641202437,3
-0.109626812385244,0.0243090944969649,1
-0.269054236232313,-0.238391867883501,2
0.465265334741404,-0.489656406567158,3
-0.119411810560068,0.0247135857925222,1
-0.358009761069429,-0.427314892118748,2
0.284538657954162,-0.433859926374543,3
-0.118023712456183,0.0203220116530409,1
-0.349719612374925,-0.31158049008129,2
0.337418355954563,-0.477950014885212,3
-0.116309011987958,0.0192770278895618,1
-0.306123680158136,-0.214934672835755,2
0.3959254230238,-0.45154316537093,3
-0.122232476212581,0.0065113115711031,1
-0.304771433000782,-0.416331955196406,2
0.294819931196912,-0.667813615424512,3
-0.125618076583369,0.0132812976055422,1
-0.304377744958642,-0.320901009070391,2
0.245992379911202,-0.47830856223985,3
-0.113803379458284,0.00389451510995077,1
-0.209693088211305,-0.287051900341163,2
0.509839344510252,-0.622402613975064,3
-0.125868560676805,-0.000484032793484985,1
-0.319952569004352,-0.456636057951295,2
0.280671556123024,-0.662196102065283,3
-0.119199480424105,0.0104555569253135,1
-0.240447053431086,-0.282120051396234,2
0.435675534235048,-0.387607601077345,3
-0.116574069772437,0.00230810520982201,1
-0.35158185007093,-0.337950952564237,2
0.506309209057348,-0.503834995883375,3
-0.116224284853262,0.00493858297832221,1
-0.250572727285936,-0.3338194619971,2
0.529333115786616,-0.399576629478209,3
-0.128350013866613,-0.000964222250690187,1
-0.25672728269156,-0.195616094926215,2
0.29829876641931,-0.46859822725499,3
-0.126288972384026,-0.00430450829150377,1
-0.295657578374705,-0.384230487589847,2
0.354677976140084,-0.48494398854563,3
-0.122699247458011,-0.00958028797248642,1
-0.264493486642885,-0.45568737540471,2
0.440642932434862,-0.539789377197896,3
-0.126233399784681,-0.00841656896472484,1
-0.248281779421666,-0.349131830889926,2
0.38202648238026,-0.464485637479994,3
-0.134763702444503,-0.0125266050220444,1
-0.288786431710312,-0.459240870334413,2
0.222770166086465,-0.494921633799079,3
-0.136078369838065,-0.0155212891770796,1
-0.19491838003838,-0.329927407952835,2
0.207715103808998,-0.502528144165755,3
-0.13207366861128,-0.0216267662140961,1
-0.101663481363896,-0.160491904565341,2
0.297789266149367,-0.571694699302676,3
-0.121021714419522,-0.0158820482216017,1
-0.345981451873698,-0.48206462561005,2
0.52635745090333,-0.404812623676175,3
-0.122040545169664,-0.0134994578039504,1
-0.296291050732761,-0.50873748902474,2
0.513689984882636,-0.305167471132329,3
-0.125681699235038,-0.0287521562624687,1
-0.281826306610061,-0.281948130173912,2
0.448425893028031,-0.553925063123577,3
-0.126903955901678,-0.0315109475024805,1
-0.307529091363448,-0.463124665811329,2
0.430242233008445,-0.55504188950455,3
-0.128386361068178,-0.0315315768195615,1
-0.410462716593222,-0.470231065810927,2
0.406146518503356,-0.502154483969865,3
-0.116447004607098,-0.0329556999149202,1
-0.139995031659996,-0.19851761053338,2
0.643912365057681,-0.476791605100556,3
-0.127089656237729,-0.0358030345639821,1
-0.084111002435431,-0.32650267811629,2
0.43878158879407,-0.479116031412341,3
-0.121819956972159,-0.0391014582495086,1
-0.300104814394553,-0.613105817913345,2
0.543498316550242,-0.48999297429083,3
-0.137207290856362,-0.0420276963147942,1
-0.152052830646051,-0.398086804315455,2
0.245941883947379,-0.493394363606613,3
-0.12571933186913,-0.042574393441515,1
-0.134520311920612,-0.322643838596202,2
0.469075581984508,-0.450566740486438,3
-0.114629169733719,-0.0447555033608139,1
-0.160571822466003,-0.333124102551911,2
0.682361693050235,-0.439352085663186,3
-0.131584926187954,-0.0527926937445622,1
-0.25372498469253,-0.332002788176528,2
0.354001689713264,-0.540716314165522,3
-0.125804132236918,-0.0476217441788568,1
-0.25466161301085,-0.430905651876533,2
0.462732444291781,-0.388006764095696,3
-0.139414023231683,-0.051588429803983,1
-0.199759381894714,-0.387460701416519,2
0.198978673942165,-0.410849584800578,3
-0.131475355239756,-0.0659688773229501,1
-0.249011453528509,-0.533823590283022,2
0.34687514188776,-0.632158072663757,3
-0.130416895954846,-0.0537104089851514,1
-0.180569009599765,-0.481876833258844,2
0.362141288586612,-0.345341807235365,3
-0.125909205557631,-0.0546829025967533,1
-0.269463351002743,-0.395068931504842,2
0.441859558889352,-0.311086829241698,3
-0.128577872419377,-0.0569090321282485,1
-0.128120725930321,-0.369742442467764,2
0.384434380846346,-0.300703610518634,3
-0.119219359044102,-0.0596441052980176,1
-0.167251780440181,-0.424783416626497,2
0.553393705112866,-0.299961947626613,3
-0.131775464864649,-0.0647502336183734,1
-0.0912213316396343,-0.434593056745121,2
0.308064318731968,-0.343850480648354,3
-0.119023311656086,-0.0693105545302615,1
-0.136249342553007,-0.400562009233021,2
0.53822582085186,-0.377274979974753,3
-0.113895614349023,-0.0661783219492357,1
-0.184703223824881,-0.306747978253255,2
0.623521285175158,-0.266532868138375,3
-0.118837639489317,-0.0815594821412915,1
-0.150782018414518,-0.300600839316706,2
0.51943994534284,-0.502126359114539,3
-0.131211437574077,-0.0795354103326029,1
-0.0937880299841192,-0.38119446996036,2
0.276602267984909,-0.412394831488894,3
-0.121321221579289,-0.0925696482186681,1
-0.411719764862128,-0.439834128767006,2
0.447711611593778,-0.602934907986891,3
-0.124238281725765,-0.083912259880988,1
-0.124525095927319,-0.439545276691708,2
0.379762400941229,-0.390697238803785,3
-0.110525947580269,-0.0837516690556542,1
-0.236404504327789,-0.524990355434877,2
0.618592675035586,-0.336693438229984,3
-0.116592281155298,-0.0906084138507562,1
-0.117904230270883,-0.518389856080589,2
0.49075583237942,-0.412449134507151,3
-0.122634291107264,-0.0814150523688921,1
-0.167150383019912,-0.482191793915121,2
0.363151512062325,-0.192883951249149,3
-0.121295479393191,-0.0841853156227286,1
-0.206564499778217,-0.457839790019253,2
0.370687415592027,-0.194000809423313,3
-0.120889561535408,-0.0984668193300598,1
-0.0722218052471258,-0.50653961835862,2
0.360263238947838,-0.405865320083373,3
-0.115210061050431,-0.0919689262271724,1
-0.0387819036398624,-0.356416693454766,2
0.445264449592002,-0.237717731949413,3
-0.113664951627763,-0.0931762338972383,1
-0.0258612003136984,-0.204614996283585,2
0.453746911500382,-0.210871613214883,3
-0.11088666257161,-0.0945141555240137,1
-0.166233177333504,-0.478391060536765,2
0.483738917858213,-0.186765736903789,3
-0.11449240277111,-0.10621790335101,1
0.120453371460267,-0.432227002783336,2
0.397133987870422,-0.350761491159255,3
-0.100109823962358,-0.106177464709712,1
-0.0875155713432447,-0.454631092520404,2
0.635108884943558,-0.302047073081274,3
-0.101343451668907,-0.114742490422403,1
-0.0968507898866544,-0.656830432481409,2
0.589671646950993,-0.408940769784339,3
-0.0998855342417715,-0.110705447741621,1
-0.136549553176356,-0.450966643441486,2
0.592037499945761,-0.289057243572257,3
-0.110178668168073,-0.115657120588835,1
-0.0482009595787425,-0.470637922589573,2
0.382849513598465,-0.331276568938873,3
-0.102321700873999,-0.130462052564287,1
0.0887677528328317,-0.555271926037192,2
0.498600445400183,-0.549905550462718,3
-0.0960129050559111,-0.115441147716884,1
0.00512601562819907,-0.489713970933953,2
0.58538078204474,-0.235508241011897,3
-0.103814116500222,-0.118615910681769,1
-0.0886532208921089,-0.577063689595669,2
0.419744074896268,-0.246953587709174,3
-0.0975279397404098,-0.126466441584708,1
-0.167548728428377,-0.593313083307158,2
0.504361352036099,-0.341775991941238,3
-0.090139338204408,-0.12574220030423,1
-0.0277658185939889,-0.547830068246836,2
0.607358031729765,-0.284592692672459,3
-0.101857956381671,-0.123165762238149,1
-0.116412214731773,-0.37585953670246,2
0.371333174825038,-0.195343255930048,3
-0.0958633230729095,-0.126896535209197,1
0.0694651918889089,-0.29947351048243,2
0.448094183489038,-0.218177392617258,3
