1010.38503484767,-905.031357190054,916.566574364826,898.219076743282,20.2929425572284,1
-2042.23913581278,-944.758945491621,964.03143657671,-781.664331628799,588.873588583352,2
2003.62247083472,-955.887031775606,898.582313886988,-1198.64348117823,-288.796380744167,3
-2975.47794351716,2980.39543508863,10.5679356208425,18.374046633049,106.122000141519,4
567.310411328819,2982.10667960831,301.774695415502,16.3871984760424,-8034.06009996574,5
1009.42476074307,-907.797951330547,895.327743523886,906.616296083635,-29.053220467524,1
-2002.57890858053,-991.604741817275,999.410262858122,-780.213274342057,581.234149646563,2
1940.92090320874,-1055.17151246734,884.311475813508,-1204.86966105235,-318.171981381771,3
-2985.43346789415,2982.5954765219,-13.283442969548,-45.7730709524234,62.0380388998026,4
592.7678029493,2970.99468650992,305.286723156985,27.237834760247,-7967.83192830777,5
1003.05864184225,-900.303991743363,894.961851139895,915.946827733734,12.2345968538843,1
-2034.71224843045,-956.785697810158,1042.23906472649,-798.882693191006,573.590620053365,2
1877.16770790793,-1072.58922260249,887.150304769086,-1233.29247795792,-303.902973774285,3
-2994.07512108418,2995.17324975714,4.57885539733308,-5.24881146864236,-24.5077825208793,4
529.983065778563,2981.56742364257,297.881609715011,-2.60409542540738,-7947.16955425495,5
987.918051164307,-905.12305109742,898.452200173733,904.4061026087,-5.34701544245539,1
-1968.18740358577,-1026.77704051823,1040.6406102898,-785.557312906917,625.928885302619,2
2096.06218022307,-920.285276711109,867.02106171517,-1148.0748203176,-242.068623263467,3
-2959.50041100982,2967.23008980615,-29.2066402921731,-48.4907033913671,-52.7811047904842,4
514.338892931216,2962.46413136892,308.733742258927,0.361053222008589,-7933.20547068411,5
995.066405204272,-909.720343037249,905.412468761391,896.212961276276,-2.88741083691805,1
-2015.16080139764,-938.690621200921,1013.36335620862,-789.093558860814,607.793864950121,2
1951.66356461428,-995.189360536363,939.178321183579,-1223.54528810429,-293.948103140374,3
-2923.70761128092,3018.46985719931,16.676507604399,-3.96643964102544,-45.7369139450964,4
550.676775364106,3029.28714465738,342.817113589575,54.9841147591162,-7788.34539007051,5
993.416101363912,-900.640942843489,888.277008867841,891.297615901478,11.0400124869275,1
-2011.67222889065,-1044.1593896455,973.82649458505,-830.650024733606,554.234279406752,2
1833.53109744735,-907.199716170281,966.315417703732,-1156.10680835131,-273.669214909306,3
-2905.41289327952,3012.96336913728,9.36236246179127,-18.6909389760091,-85.1420589010101,4
512.920270316327,3033.14757298943,288.322808856557,52.7823561915248,-7781.24679689247,5
1005.49596655335,-904.436210468363,896.964114936718,906.113369557437,-5.34288279130272,1
-1997.58964123948,-969.471910672993,1062.3378222409,-807.695589076647,600.354712244724,2
1963.55932173609,-1212.11611359201,868.990837518242,-1183.02350082571,-275.452974196764,3
-2868.24331926099,2985.12528776627,43.3358604741858,2.20015882576017,-128.000561033922,4
503.411149119131,3018.34164510464,293.782175829265,48.9554786927337,-7745.08548126597,5
990.400396805108,-916.947090887731,904.11578696229,895.423154253888,22.6427845955366,1
-1910.37173105329,-875.560291327716,982.974865360687,-768.741124027759,638.240463807925,2
1982.44605710887,-1094.92347041621,958.627428165604,-1156.33273894032,-219.963506189119,3
-2871.86630141429,3000.0557844647,-25.2168159272914,-26.5019965136099,-181.920127852112,4
486.187824702837,3027.99837681545,243.970233836597,41.9397249516856,-7706.47049879404,5
996.934054569625,-901.00273533029,898.631696192054,899.031387764642,31.8549734509282,1
-1927.00964745498,-959.431781781674,1028.90944434247,-818.907958030513,593.531969963814,2
1892.76076746376,-1004.13075697627,939.489365892735,-1198.77097946222,-283.522190020018,3
-2852.00357167431,3028.32180090739,50.9671344159392,2.34813953672424,-190.894228567381,4
446.328566132346,2987.27283393995,302.163933776464,32.3571058266754,-7687.96436845367,5
1010.88211979619,-908.894223151359,921.679296963533,910.009030822185,-22.0964286545274,1
-1972.75250020338,-1015.56827284414,1028.40941618487,-814.719877002199,621.964783462191,2
1926.00118402992,-1074.23045643701,933.430971999473,-1203.23759438094,-263.66642292494,3
-2827.90698130079,2985.6693003068,7.47619673679817,-19.6856135758157,-259.518818466777,4
484.004264328782,3043.37188658372,327.886563727728,81.0590032805351,-7572.69090215365,5
1015.51895465016,-898.505048748124,920.819350524744,888.89522355253,1.85757648358524,1
-1890.34061498525,-993.867131138694,972.332272782787,-848.962507890272,550.162165338825,2
1976.26595687542,-958.737255277399,966.677263784668,-1160.08422048886,-236.709119874724,3
-2807.91490908912,2964.86638740486,3.64163598749103,-2.39113927524246,-328.207789250475,4
367.029393779249,3015.45642934978,307.718528611851,17.0606769250337,-7617.09336179279,5
995.997676746425,-894.999254725985,894.897728458387,893.347362710077,5.52122411884649,1
-1948.02885296402,-1029.10590593481,1000.96837533606,-825.849946035695,605.151940086619,2
1768.52210662364,-999.032884097579,890.697278031605,-1182.94198703212,-273.252917177635,3
-2790.31706912179,2977.51363711515,-20.5506486118562,-18.1579220827461,-346.357677715511,4
445.601654288389,2942.09759789862,291.997582051618,36.7563022757664,-7545.1187148583,5
994.648153084371,-911.604815829101,900.561626919923,906.94470552142,7.04330572185641,1
-1945.55567085738,-1062.13126165708,1025.27565443013,-813.518029390803,550.879490572413,2
1844.79706155354,-1136.42414840031,883.588785048423,-1146.18767992651,-210.485471494478,3
-2841.74618454225,3051.32039932407,5.96851575752015,-20.5936051076881,-401.39476102589,4
353.468875446202,2939.64985769423,275.837646781698,-17.8700632899264,-7554.92959442694,5
1012.66935291029,-911.831290641922,914.993559027866,913.371028719902,0.930320805836935,1
-1917.67870107369,-1012.9159079094,945.745026055153,-859.65556851855,590.477678727659,2
1734.17815410148,-1034.2382824067,883.658557743012,-1191.35571507772,-218.133741064872,3
-2794.37934973982,3006.0219266838,24.547412462474,-35.0206808767509,-438.861044481517,4
315.00883628612,3002.36657035895,300.970212048251,28.8046094216888,-7516.83429372244,5
997.91192622042,-918.031187720589,899.519040525787,900.058427623107,1.05842848914966,1
-1891.26316454425,-1020.53717697903,1012.01098013879,-787.11001662765,600.949269951664,2
1854.89818595754,-975.409961644315,840.219579427089,-1223.7338864433,-278.979831007124,3
-2762.14017435564,2976.84428357365,-51.4972871586477,-33.2338029852249,-494.164904504553,4
379.981287958427,2943.00330258634,277.646478481119,35.1029389861894,-7422.66251780375,5
998.800431698482,-905.757380804483,905.743164900412,901.003746220313,19.5293477431173,1
-1882.73956905586,-1008.01819526012,974.704321289987,-829.570877938253,582.340603430737,2
1800.60471361942,-957.332056530998,941.909589862003,-1180.06982931713,-211.74046855028,3
-2725.71099328037,3025.04569377518,45.5861720981173,-2.3961441039702,-490.257683750566,4
344.460713369035,3019.79300729367,246.983137796361,30.6092888980848,-7382.7823981752,5
990.490283868916,-915.046315134561,909.016616551692,881.686892411343,-11.4768309988059,1
-1912.98063654791,-940.741919069919,982.569946701719,-850.22266542216,558.920764283291,2
1786.09112805129,-963.701618503271,899.127924324716,-1172.99673606076,-209.930763287932,3
-2717.87267665858,3020.57941522789,61.7678020943231,-0.942320910820737,-544.734261779929,4
315.492549500175,2978.014031658,229.798066815341,2.59348522013693,-7343.32368346313,5
989.490153411777,-930.687810289317,907.402781876117,891.57299764696,-4.74633025457585,1
-1840.33016449498,-979.134488538694,1029.39556625784,-801.982188354592,618.334094630242,2
1631.04413593119,-970.437764878279,915.065479023051,-1161.16651175982,-197.030305885183,3
-2702.13233766943,2995.92104901994,69.3939057078553,-13.8452772265952,-582.748860883972,4
306.985434459389,3049.77457829568,276.53333906073,63.8301209560385,-7284.03884381082,5
1014.46080489232,-912.851364303392,907.500417231638,908.493157437064,19.982829718002,1
-1867.43763208041,-1030.79283120804,1029.74860483799,-831.952575449213,546.977678125264,2
1762.33988473433,-933.468851289361,873.880257730311,-1159.12141734837,-200.194579732527,3
-2656.49187156821,3016.67055090597,24.4614744499111,7.1716314783683,-622.901693915994,4
315.822602884285,2999.55518504313,295.161517575378,53.3619267229803,-7223.36644855581,5
1011.51971745076,-920.362467937872,920.192337204432,893.547087517725,0.159828421464329,1
-1822.76437015486,-890.23056196833,973.651594092566,-808.927689799212,620.334544411078,2
1754.95541596796,-1220.73002084199,919.822899436087,-1163.19166500431,-160.500937466408,3
-2679.69065881273,2973.46127437969,3.81633224999101,-24.8875985472136,-704.28867248275,4
274.635504261214,3003.458853426,290.363966132999,58.6103585038114,-7204.81052417125,5
1001.60089753597,-917.73924717864,911.117496220019,914.203049002041,12.6157884568645,1
-1851.95968839427,-902.169366228283,984.696462057934,-829.319007235772,583.736165280784,2
1641.17236843002,-925.473846560497,874.61931013446,-1159.53594513203,-186.481876883949,3
-2634.48748911208,2980.62624334932,34.3391490046417,-7.87026577753621,-727.660814186687,4
222.167168111615,2985.50935277265,325.662371470316,12.6211924987132,-7180.38759787535,5
1025.06835833149,-917.29924819672,921.21719284621,901.611020486603,5.31638786661382,1
-1828.17386359318,-923.597923110986,1003.06938077155,-828.393376510902,576.007486490311,2
1806.92888398517,-890.043011717627,935.719114117402,-1145.1008648972,-183.487293731115,3
-2577.75891346167,2990.10681047559,-40.4096424040005,18.9121400303263,-757.201598585211,4
214.073082800201,3019.52737471929,226.112374301908,24.0637117012921,-7127.26361994919,5
1000.41386222317,-916.691443377889,917.764400167737,911.934009431512,-8.56510865198184,1
-1792.50524326159,-989.170025507521,958.528039691136,-816.265841393814,592.924695868639,2
1623.33190113753,-1067.28737406361,845.155907352835,-1161.1940215913,-199.626814968046,3
-2608.29952424264,3036.37937277623,72.7636196256931,3.51210420168805,-759.974582242571,4
208.166559857531,3047.62964736457,280.203739681315,37.5546603676328,-7069.75895475953,5
1012.33817073531,-924.481608672782,920.294460805177,911.450509215227,15.5792749477287,1
-1839.32164027965,-1047.97871698652,1020.78333236129,-843.085360122256,564.270015954455,2
1678.97339669234,-865.046211324415,972.666494710682,-1117.76006647395,-144.744283490315,3
-2622.72641481517,3025.34161040427,60.2311328525326,-42.5898715336764,-829.583383996854,4
182.274043491853,3023.35767815414,261.34386234111,26.8911980887993,-7045.09636511609,5
991.63530009291,-919.865084532383,902.156225865867,904.423939079586,-0.719449685859252,1
-1780.60814077299,-1001.20344453278,1042.24417274424,-798.918003738446,614.392928537048,2
1587.2613251786,-909.852145557554,866.558612885621,-1199.56280710995,-179.694837115132,3
-2579.7228490658,2932.69457482717,27.8338989576718,-34.0186591349139,-926.693550580646,4
166.627785978648,2979.82100923288,277.69635942523,30.2475347655518,-7025.4491089982,5
997.232839547348,-919.917406785915,905.016228182499,882.664000131212,29.7665589279778,1
-1838.95688993005,-1016.69733340713,928.339082691072,-837.139013616072,572.099536866442,2
1619.99064244135,-1037.78216010533,930.926914566881,-1141.92060562334,-157.743441215463,3
-2518.14393622499,3008.70506698517,26.4239845096783,3.37467804478055,-888.064731559886,4
155.673834135515,2971.77854395535,253.42414360642,19.9506896003664,-6987.83392992218,5
1015.95179524915,-919.707700305399,915.541731709525,899.653199647659,23.8631597848586,1
-1849.26931083865,-1058.60374438998,978.098657250045,-882.426291609916,560.689904932069,2
1645.21597492593,-1031.42298883803,872.50075440979,-1108.62001244466,-151.865768728189,3
-2506.52746455217,2983.20243069971,13.5193889860052,-7.71230899700722,-950.899079333737,4
125.868261842178,3017.82871626784,263.312138433028,27.4228445098875,-6924.00043492757,5
1001.24525052347,-920.605573546859,907.860895026783,917.548083758072,-18.293441337166,1
-1805.98174164704,-1062.36706470507,935.995632650398,-919.994029106742,508.962215221653,2
1512.18293965177,-931.700909058048,873.104999090233,-1170.97915629396,-178.156525837468,3
-2536.38789685576,2988.26196751729,54.9577676443062,-19.3207592688507,-1016.65089377545,4
90.35068164845,2940.18902434868,246.181059510077,7.80521102637301,-6942.00725246425,5
999.263466275704,-920.119993315691,909.102884027371,901.807676619698,13.1379173712602,1
-1871.96010458337,-1025.49109076455,987.249597501632,-912.653804670978,513.21235622459,2
1534.1275072577,-1153.63121196796,890.827330574001,-1170.57467191366,-196.16324949427,3
-2474.69275233749,3019.29593856779,19.5184934769814,6.3940407586764,-1022.42533730127,4
87.1200000548414,2992.31123473008,177.103128749053,16.622115958905,-6881.98933820742,5
999.190603555614,-929.453576558005,919.043915479455,915.834344679268,-14.6941077485542,1
-1766.97241172534,-961.405601881396,1003.23091697713,-844.128663320776,581.953178092294,2
1619.08899652134,-925.5286207635,972.587507397481,-1099.77187539872,-95.535320360784,3
-2460.27935315574,2986.21671703312,34.4035430632413,-9.78276000250946,-1072.37655548356,4
100.993195463334,3019.88734904123,240.087051336679,64.7045253837307,-6810.48017324431,5
1011.57889206828,-946.69200959894,928.51701001156,918.069987502683,22.9078174873422,1
-1836.44566297891,-1040.31054047024,936.341830929675,-900.927422611942,555.044619918672,2
1513.40441340724,-965.432987335509,900.975980480533,-1175.04754887595,-126.134461340619,3
-2430.18277348805,2965.08566764677,5.08766494059543,-26.7993780981352,-1115.08028006123,4
86.7393448497877,3021.333095009,281.160208952365,56.5991630023646,-6741.28641373175,5
1006.98527454402,-928.582859456248,923.226995476607,905.910791686969,-6.44458758052372,1
-1784.82066918418,-1041.46736044211,986.274464109015,-864.682050296893,563.295153934943,2
1526.02466018631,-1063.90183474919,928.469030274425,-1112.5644833152,-108.68581814722,3
-2492.97992542327,3047.49183065102,44.4438103138481,-26.8204578537237,-1176.02810854594,4
39.4624239275677,3006.26555125767,265.781742758327,40.8320155226502,-6758.07124445509,5
1014.76121089328,-939.391383826439,943.427308512783,891.21231153891,2.78721827170092,1
-1792.97185773806,-997.370289948745,940.3832198753,-861.991906794542,577.656273395664,2
1603.39629669059,-944.177830176599,933.457919549062,-1108.0707477268,-90.5137610585123,3
-2400.11437855534,3015.9341394315,71.3543467018308,24.0504646083157,-1180.40639216361,4
-24.7619882898759,2985.69179242513,231.221228292566,-1.24419085156055,-6728.43402808167,5
1007.27447245339,-926.096220402247,925.811258051699,902.146678150211,10.7301177781364,1
-1703.4923310895,-1080.93601858392,952.591550209489,-877.418372125235,547.742122817857,2
1555.60559533881,-886.000370094449,910.018481105412,-1095.16109672885,-91.725615374636,3
-2413.01467785251,2983.24227126674,56.2513174099518,-16.3532056819521,-1250.65861873041,4
-8.82660761473333,3021.72665224193,258.7473408818,44.061657109422,-6671.04873068554,5
1009.46560056557,-927.241890010094,918.306379464646,913.921769607458,30.720527133142,1
-1703.73751733696,-1026.46588141266,950.320750588772,-896.74506625392,551.094186595071,2
1530.99969331078,-1097.14873624795,959.053294209619,-1105.50468459017,-98.4040342507721,3
-2410.57734748153,3016.24330518865,-19.0360659056558,-44.5398984799089,-1288.20726122,4
-29.2428776556443,2993.4328713245,244.036418159667,46.4108092298507,-6640.19883126122,5
1008.91579436673,-926.47224245594,921.676865561201,918.940904266056,7.51540908869419,1
-1803.36429625979,-1013.90215546239,962.616201969184,-898.711080120153,569.709040254254,2
1489.40854534526,-812.030897658365,972.705088028515,-1100.42206263025,-86.471912789463,3
-2329.96299832325,2958.90154785334,16.4093062671645,-8.75848415450025,-1321.66815086794,4
-40.7496588323096,2999.89065341604,272.603858791229,33.3110555245916,-6575.72338976213,5
1000.16832228526,-946.551240713802,918.464806390452,908.593043136541,-1.61160299711929,1
-1707.77915710563,-1116.85747675234,995.04742637159,-886.040606336367,558.543191372443,2
1487.05265223411,-965.029159328843,877.605319011597,-1152.92938832289,-78.3045175314777,3
-2356.04760495947,3026.68780215941,108.34642853658,-0.90706401953822,-1341.81578664534,4
-60.0909256799254,3000.00571731046,218.704630425465,11.2760174811835,-6542.43409613865,5
999.654420748091,-943.145895542157,909.396925414261,900.816794879004,-1.15418142234671,1
-1746.77261438286,-1022.87267854617,980.732138292554,-906.090337483122,568.971830306441,2
1328.78397465396,-905.692844905361,950.646645618251,-1109.06461477945,-83.8642111771428,3
-2308.07772020788,2965.66961992377,60.0669666725559,-7.00910525953238,-1396.20950217123,4
-122.081382703557,2982.39311463814,235.28722789802,-4.74929166786414,-6523.73766009889,5
1012.13029415097,-933.810221096036,928.204162649308,884.134039882815,-1.89710377906765,1
-1697.04475196282,-972.66558299335,976.611148837472,-881.564381299276,533.823535566773,2
1454.37622741015,-970.386723942475,990.277100040972,-1101.44802487217,-75.1726087958878,3
-2300.10943285359,2990.25528727255,95.9006751273467,3.28275597990426,-1430.75277892406,4
-84.5656359407091,3022.89980176565,273.021425428563,42.2195494893404,-6447.03140541721,5
1012.5828822558,-934.351191669209,923.562781963821,913.121067971172,28.5303436684953,1
-1711.12286190594,-975.615267096767,992.831465923921,-875.010397506039,558.928406845143,2
1574.51519058533,-1030.77876351282,903.534175217014,-1118.01365627494,-80.7095966900447,3
-2294.09084611968,3041.04828013645,44.8540528553564,-16.9241875230025,-1457.93721627703,4
-131.334696253789,3014.92958143134,281.591568654426,26.7428327843871,-6408.25183292841,5
1010.34377044736,-944.025724938758,932.752316023194,900.663981753712,-20.8393609690737,1
-1663.43732276472,-999.508745630792,1049.46888660866,-857.149983721709,599.017427863918,2
1360.80994128115,-1063.47904633237,959.032391733511,-1119.57816301442,-65.2382092896678,3
-2261.69506648953,2957.88497525773,3.15275602821917,-49.8169611547277,-1541.87262130095,4
-143.259920590901,3004.92550348551,203.396812653146,-2.51301034158534,-6380.81879350098,5
1009.22965941836,-938.030952946395,929.542095154752,901.312306828809,25.5545327244894,1
-1659.7070106071,-870.934365000027,996.224780298768,-854.862536919946,597.640727299546,2
1455.5095992209,-1043.39789819479,906.853868973189,-1123.63960708967,-84.4089152076122,3
-2256.30735721458,3007.61958789199,53.9391850758517,-1.19986123788485,-1564.33645928147,4
-188.391575837858,3032.05989175924,253.130710410044,25.8083513820277,-6353.46408389962,5
1003.59880969284,-949.477734491209,909.54049297131,904.510575411428,16.1254507785199,1
-1689.0179182791,-995.608744278985,951.018763273858,-899.271410555773,545.950322754529,2
1278.4617415704,-1075.00826896209,935.706857554902,-1106.2152004442,-49.4886480266084,3
-2236.11722028394,3004.76089275802,44.6021731830562,-15.8002000544319,-1609.63822277395,4
-111.288480315809,2979.59096995318,227.160808423075,40.2109400903038,-6260.41744980967,5
1007.41384232152,-942.524346902427,935.039599160478,919.405329310121,17.7850568472087,1
-1672.38478577046,-958.610486026751,1004.37218518288,-899.300566940372,546.165254814977,2
1390.93886428106,-1052.38208157472,908.47685162099,-1107.05416007908,-53.920536563918,3
-2203.93398530479,3014.35549885174,89.4593670861698,-8.27502423478819,-1611.08401373745,4
-147.788830444753,3000.47026438584,231.161400222848,39.8348694663862,-6222.67644231755,5
1015.24132221463,-947.544841553116,922.635211405406,903.186871566072,22.230266379359,1
-1689.25832293868,-1071.7621969377,965.528967821046,-931.832860205428,536.295168351436,2
1309.67325308586,-1015.90732878178,878.70025334614,-1155.82708182604,-106.278114755505,3
-2193.16590953407,3000.31670181445,87.1996884120166,4.18068104573952,-1695.3869081534,4
-167.00447427411,3005.12219230346,248.404211156356,67.5775503658344,-6189.68906269084,5
998.894637036164,-959.712353565757,911.457267650762,903.823889848661,-25.5584557050437,1
-1680.05866888302,-928.372362025995,1004.48759028721,-881.943953343511,578.154375568925,2
1412.29374763234,-966.003304405973,937.284053045146,-1077.50229554864,-55.2738129040772,3
-2219.04583772375,2971.97605129778,54.7534523848881,-28.8628197834405,-1764.22061071479,4
-209.448110562157,3020.83698438651,142.787700446723,33.2936731307631,-6165.06162361196,5
988.571001918599,-956.469092442635,930.357982129146,903.374133656749,-25.2362427872422,1
-1658.72304866739,-1044.26282835603,963.948267608828,-904.275912496268,573.117442677714,2
1299.93184411804,-1004.19081284343,955.830417815372,-1081.98267341367,-36.7938362610574,3
-2135.02153175635,3001.81266415523,54.1756106542727,3.05783567554965,-1740.63668352394,4
-195.203368816742,3004.83596989275,145.776487534528,37.6741267351707,-6114.4764383216,5
988.604634426289,-948.184753429083,913.628960192529,883.428498514767,12.1591077585649,1
-1603.17474879003,-1013.00828720862,949.615691918138,-883.403386052111,547.364874565061,2
1295.39264603976,-937.400168210332,937.000101899004,-1095.3333286277,-47.9022124950192,3
-2147.34644359486,3031.19546066257,49.7731283857811,5.54920753469806,-1794.45213754857,4
-258.034269311531,3001.13521321157,205.792193787926,26.4700061687125,-6092.90844060803,5
1006.00264609918,-936.011559035019,945.666706515167,905.642108675181,6.35577037080205,1
-1654.19532925295,-989.924354161259,1031.06448550081,-893.923387424806,558.612495446155,2
1286.48567212025,-1037.57156533936,950.55414436294,-1090.6079886029,-35.4619340584394,3
-2115.57371225173,2976.97607736204,30.5314009334677,-23.0713565000245,-1844.2354416671,4
-262.627578835183,3004.66774481858,254.272436482534,45.1377983989465,-6042.17940272539,5
981.311708084899,-956.957736833674,911.176214493642,888.057254839241,-15.0904219851253,1
-1645.90460621794,-1036.85063467219,1039.51085304495,-936.524894315342,542.469656667507,2
1283.78902949254,-1003.42476022158,973.956364276603,-1094.76077247111,-2.65968064605662,3
-2121.41010622819,2987.4836126647,51.692266415601,-21.0463748360224,-1903.1262060843,4
-307.315040640952,2968.08266791569,210.088545510574,20.3873474617576,-6048.26417018116,5
992.710169043367,-968.513690278585,932.008216049292,891.896930667553,-26.482891430328,1
-1589.43350627537,-1017.46412831443,1016.79270829664,-854.70411239191,551.291833498119,2
1194.12850063672,-1017.85172593512,938.213803039348,-1100.14667115027,-34.8693593695005,3
-2100.90850726552,3012.00394837799,100.740573196219,-4.81750102123102,-1911.53540796686,4
-307.374598735665,3000.23561499921,241.50655718788,9.55995123040075,-5943.280235162,5
1005.76225343233,-946.748666222173,926.124977467813,896.015978193212,0.511201647014453,1
-1584.34502775861,-987.125358397196,934.213560593083,-909.158165781261,593.143757974352,2
1357.51707263667,-785.209052417591,872.134111242252,-1061.8261324782,-7.66327007105484,3
-2038.47424098668,2976.36786168379,104.089883566557,18.1756386115294,-1950.33255958468,4
-330.698870170262,3023.83240103348,217.83460315642,47.9318208926757,-5920.42745146376,5
991.243201469844,-970.02242754773,921.455123935214,902.345858207862,8.19698012061638,1
-1638.14202242385,-1057.38993851262,959.96642824464,-943.526209647936,535.648968483638,2
1250.74945401498,-1070.35456796025,925.599451645544,-1060.69439425763,14.1758436963837,3
-2065.12939187867,2962.38269077521,34.2560701293707,-26.8572012113596,-2036.7165136377,4
-362.769632805659,3009.19677722777,220.400625873207,6.87049161303879,-5882.70260304636,5
1021.55530585428,-940.400217279297,923.081178534826,924.185264953886,39.0931703123261,1
-1642.03209770494,-1057.48899264065,965.466253604487,-957.976021973475,517.442548161564,2
1221.09929174803,-907.424909389613,926.331569716006,-1110.09996781119,7.50475734833314,3
-1999.44654839362,3067.50552203167,101.231764205272,52.3740195704132,-2002.92455617799,4
-362.077918850891,3026.96240038824,225.480458123774,40.9848810071483,-5827.44241188016,5
987.83956156197,-952.498664110068,913.724851780953,883.745028922396,9.00447475858405,1
-1553.55757854172,-1000.49996385281,1006.49754242113,-889.348572854793,559.906667059411,2
1289.62954854855,-1042.84892853299,952.182618610231,-1038.81863295534,39.2461632369504,3
-2012.34119444779,2995.27640748805,79.9679722194747,1.19299242042111,-2082.26226814896,4
-358.613641764273,3018.45723702856,276.587474407796,47.7127214199504,-5754.57722563155,5
1001.06891040681,-948.087690006862,939.194790829834,892.814322327651,10.6238505575564,1
-1523.19474205971,-974.008266346028,999.803051281972,-896.39881141655,565.955659996785,2
1147.84596747894,-923.853523840611,916.568714012582,-1063.02660801441,18.165689356336,3
-2012.1220547493,2984.60251302401,49.0069103571992,-37.5030700301879,-2131.08100213738,4
-385.573800018172,3016.46932702734,289.349036297342,49.2512491072917,-5723.59659741764,5
1013.92331175343,-959.486660782354,938.458909564545,909.339541286824,13.5656297360362,1
-1577.21808329162,-972.729556558792,1020.82270863045,-892.310670941964,525.631641950846,2
1211.19323392702,-762.646243855784,980.662199117029,-1101.80824239779,14.2756883784207,3
-1996.04967341936,2969.7467108324,46.0617468450234,-14.4922324365478,-2212.81617024351,4
-426.462974228931,2991.18304956765,196.318757624296,35.5288755994152,-5746.27426682496,5
1000.17047100591,-961.919500826376,921.536512156647,912.11712274337,30.1763805603539,1
-1562.93176216135,-977.434052793652,1006.2586261552,-969.167349841294,535.42810226018,2
1150.27345105463,-894.281979937577,945.182252803313,-1086.50366678184,-2.6757399507904,3
-1988.57741867076,3011.60321702589,52.505310686572,-23.810400606412,-2228.42653116747,4
-412.640782770345,2988.36186898743,204.146231500638,59.5607891942954,-5688.35776212073,5
982.643768640952,-967.233455625038,909.850842160783,893.683768830934,15.5442524524111,1
-1563.76724491799,-963.965787824187,983.949077445022,-923.647543545869,545.121919903468,2
1135.0059676998,-1029.7645685909,939.052921492117,-1096.61329425009,36.0692065051662,3
-1961.24228542928,2990.27895187929,102.586962734508,-16.2119143456044,-2268.48338322932,4
-470.73653168484,2986.49867563419,164.715197774845,11.0474097859276,-5679.89751746296,5
1007.63255051643,-962.17888120987,936.892305448431,906.183169440467,7.8036211033904,1
-1502.07890386349,-1025.89848977051,1042.80131293105,-886.968420881214,559.853605063439,2
1072.93246447724,-829.58279965846,921.153280775387,-1074.91820578178,34.3033293115645,3
-1921.18719712625,3018.26398729096,96.222781299485,2.45915366912109,-2290.20653120454,4
-424.878738766687,3013.12569228669,195.229183370726,56.4421491521311,-5578.33268326165,5
986.140192714213,-976.309005338346,939.753606171866,883.590228209285,1.17349108672368,1
-1530.45590419755,-1034.64018775084,977.782164241006,-924.872404592076,536.929950313241,2
1144.0552519287,-1020.58256968854,947.677388857505,-1081.00709382228,37.3207292387384,3
-1947.21739036333,2978.33295376313,52.7619500916682,-45.0738018686924,-2383.55715086652,4
-520.310255253004,2975.64720260239,134.346411866435,-8.16998303059091,-5607.15778059443,5
998.837263539262,-961.176203780796,931.630855733479,902.479449384082,-22.2011514615161,1
-1553.35946915642,-924.277831614269,959.331569034859,-892.79959897041,553.712952049552,2
1103.75410330382,-1148.63698683681,917.329875484441,-1061.52824551266,23.7710043606598,3
-1929.77896252975,3007.66157531856,104.966239241501,-34.8660264811724,-2398.01679538237,4
-485.56154500635,3028.15963886566,218.784896455028,75.7778031739531,-5496.40547678404,5
997.205271468693,-970.290219906927,925.380307764492,913.098063111008,-28.0405383587323,1
-1566.18027247627,-1028.65634578329,1014.40157066246,-902.284777850415,557.567900104915,2
1012.37980003091,-1066.98000463499,894.182143559015,-1120.38625700227,12.1718892669013,3
-1822.26803710134,3004.45175606565,97.8683754999745,14.1593864237264,-2377.63324180204,4
-514.521173776285,2990.97085937238,212.783890822913,19.6019277906756,-5450.08759545553,5
1006.93553708983,-955.295359929942,941.640906003784,900.915226865348,25.468610859843,1
-1578.1648361871,-965.576860542056,945.05254031922,-923.617329183887,524.438013593586,2
1030.12566984184,-983.230992226987,947.203962076306,-1075.27021161274,75.5390829793795,3
-1855.5338785103,3007.86527227427,144.38630260976,2.44749282287997,-2442.24999969554,4
-568.230067139917,2983.91607953561,148.464035129594,-13.6950083110839,-5456.40760918672,5
1007.08664571559,-966.753369571853,922.269183440589,908.299425390167,6.3350564436692,1
-1535.21838498871,-1016.06402603267,943.788680104179,-968.057914177268,468.324531052854,2
1025.826461405,-962.895374575343,937.081562386253,-1079.93047224747,69.3495320151834,3
-1862.20131190602,2987.4221159071,88.2850811316946,-19.1500197639137,-2533.20335891407,4
-557.679536893483,3016.34443074553,186.076144706813,42.7068389185914,-5392.32069100456,5
999.588497208139,-962.686076832473,921.947347865601,890.545909841978,28.8651962439542,1
-1445.85023497007,-973.707430678674,961.432506371357,-891.045886881993,529.091881148418,2
976.376611115965,-1028.96729625407,923.060102403737,-1093.14292649197,52.9188061533492,3
-1821.53371503279,3024.5587503855,70.8446850257591,-0.564063723803075,-2541.33116686868,4
-586.858816100518,3016.26687285472,139.54704517357,10.1954225014045,-5359.49751686038,5
994.933313695683,-968.90197684724,936.241219046943,891.979958811067,21.0371607302722,1
-1482.32775466221,-1003.00706105125,1018.66637770946,-938.432289793791,542.638848516129,2
1023.01603072479,-1072.2222075747,927.986898654052,-1047.46542888315,64.8103006216594,3
-1800.21979766835,2951.11743328472,98.769355495733,-28.8241974834802,-2605.27910185707,4
-589.091881039073,3028.14782716649,207.220355947828,65.0039513278565,-5301.92279262596,5
997.67438682681,-965.709414911835,935.762898274802,900.759559492635,8.03927069971382,1
-1555.48680303298,-1053.92031117789,899.76261221177,-969.102786358471,502.842972013989,2
973.621725538818,-1131.65516754091,942.205166572601,-1053.87404703064,72.7565019610385,3
-1780.9653953577,3009.06089219927,76.7303139730056,-0.116242150039113,-2636.08749304606,4
-602.982032410553,3025.75657680087,155.508076571271,24.9930853719917,-5258.54267169885,5
991.969222426113,-972.909733569833,932.050037073854,891.347281229018,-8.50891672563176,1
-1513.67864192122,-1019.15041722028,1004.311453465,-938.930666678944,511.507100358673,2
1079.46749934905,-822.117032956114,1004.18182804565,-1045.91952477828,74.1700894222093,3
-1787.91969292846,3041.25370657623,131.172917437468,2.52964980568469,-2662.38758687935,4
-625.477112178729,3015.84630764234,199.280998631261,46.2239116311007,-5225.62917271444,5
1001.43229125372,-969.731132293447,940.024797647601,901.345119724262,24.2959630299354,1
-1452.74913442103,-940.993369221211,1010.58740674687,-924.739181060699,535.449792164698,2
962.517905959388,-1115.9550408809,937.827937046857,-1054.29194862921,105.864448426253,3
-1757.44359015872,2978.62172676659,75.4879988948023,-25.3575132425577,-2732.56880077,4
-658.646185582888,2971.49310581524,172.530955656864,13.8940406261546,-5223.44229203997,5
995.543033306063,-966.083020873177,927.530988332324,881.559468149351,0.819259597986312,1
-1508.61750805512,-1043.78854986416,937.264196767378,-972.851539991094,523.377367503596,2
905.275011038022,-905.4770490836,919.59963180783,-1075.83566380604,56.3958806666097,3
-1743.59082765007,2990.23131676573,89.1007036764993,-25.6070249199117,-2765.92449545813,4
-668.719431978242,3006.72040716535,152.537734261151,26.7731898881342,-5158.91477959987,5
1002.31934463705,-968.402086875713,943.428034152834,897.967962863927,9.22860580941377,1
-1435.42880812237,-996.541835453094,984.620507411392,-952.210176621189,562.542725071156,2
902.645041476532,-1195.534258119,927.856382616552,-1069.88804152618,106.429290715213,3
-1717.43655451204,3010.40217614087,94.7620235338667,1.57968241126869,-2794.78927412192,4
-666.601086607882,3034.13235149079,143.482051380025,31.4720199923699,-5082.80984232016,5
1000.82516134726,-982.129930426225,944.124222123355,896.026229694839,12.9384216947498,1
-1460.0011872219,-972.644510434453,963.022193915905,-979.134913560287,505.54590845665,2
942.740938297482,-998.605704331134,957.527232316045,-1075.41001904314,90.0926684577505,3
-1680.35775171876,3006.06151641421,143.73339608353,32.0008530955643,-2840.07150786369,4
-715.002677196004,2971.44140275042,150.30142698377,-8.02557089017574,-5079.78932309146,5
991.797872572919,-981.365568217594,918.82090326693,904.555815210404,-27.0735073480174,1
-1443.42515559696,-1038.73483509963,929.841016507962,-952.699318344819,532.800299944518,2
824.931703965083,-936.992838451756,927.098846325883,-1075.65399168156,79.925740356843,3
-1703.98041685673,3003.84557582996,68.990423265712,-34.9330006792494,-2903.98480853273,4
-699.861034953312,3015.62374933397,137.66052968825,40.7382224463797,-5024.78836564594,5
995.546412057217,-981.481571350408,927.866577371714,898.875539205511,-29.3252500073569,1
-1426.3707301126,-921.598341436956,922.363484142369,-915.696947143495,533.752461621634,2
923.753003768083,-802.277219336339,991.014884402408,-1034.46188310601,128.578929626345,3
-1643.46627842871,3001.71091412895,101.15974838693,11.2634522512241,-2888.55609212124,4
-740.45209309952,2996.51102570097,207.441039253694,36.7870247348301,-4983.41664942464,5
986.171703234883,-976.294575176152,923.067840737906,893.302149782569,11.3765569569072,1
-1496.19749542615,-975.456656646509,968.919215691226,-959.41722700984,517.561890612156,2
872.868360932887,-1026.63235151984,931.934440919031,-1057.84466000843,107.464825468126,3
-1615.97222433245,2992.67484883913,158.415942028453,12.3138074839895,-2929.50017478289,4
-809.357829491727,2961.48949520917,166.546081167894,-11.940979594022,-5007.42768797974,5
1007.94315985876,-975.874524310137,929.63017155823,913.029584771007,-4.27844013084277,1
-1393.18663051813,-917.904769793671,1004.390095903,-949.49422037476,541.452472709615,2
910.287605243326,-1004.08663855502,895.938515165696,-1064.25282503362,105.054126533508,3
-1619.14395935041,3030.15412928704,154.789853490614,4.78954464705263,-2958.55765578012,4
-769.798004694734,3018.68006872456,213.363764636776,47.0726680467873,-4893.33198750711,5
1008.69468486724,-977.14805852423,953.353299504843,874.170404229595,9.2212173202504,1
-1402.56844231309,-974.78383841767,1011.04975104615,-878.535431569307,573.292234076061,2
844.206761227913,-952.891930280249,963.722192209109,-1059.48778485087,141.359901701812,3
-1604.8617525497,3004.91767319887,124.347009755006,-12.3635599898079,-3024.5108342904,4
-831.389963520647,3001.62050114157,171.782848695892,13.9460506335142,-4885.34246793335,5
1005.44777855715,-974.213271772801,935.650066905715,897.368167696328,57.2293957424253,1
-1362.96670665014,-972.392517669701,976.939644508544,-940.976248894326,520.813240822621,2
850.584569590116,-924.408531776945,978.996951939244,-1003.31824290762,146.206287488631,3
-1598.39691327036,3001.31896984654,140.91315998913,6.46054447481002,-3090.66166041708,4
-838.556481448485,3011.2132373126,167.734954806128,8.81341492905431,-4831.76042327231,5
1004.5705054508,-984.305138874088,942.12537097985,917.506799268711,-31.9703193898131,1
-1423.33600797488,-926.5142595974,926.221423847319,-986.839171122265,517.626749760528,2
753.598071135537,-985.198454393286,902.258812894432,-1067.75817989918,101.954216295052,3
-1580.07690450436,2995.98672021272,79.1040564813152,-22.5294867382137,-3120.5072263278,4
-852.504177030404,3019.29279634839,218.987053827642,37.7097589084665,-4786.90345371901,5
1019.83472250156,-987.323351599739,949.417712342357,913.337828805589,-11.449894913293,1
-1352.81109191357,-986.238019223158,949.57364802806,-978.973108457789,484.508595500394,2
776.164175756429,-879.546825828142,973.626971648725,-1027.24482000548,167.458973965538,3
-1567.08020624829,3014.40400838946,120.238790790754,-20.6824662993544,-3147.37463741023,4
-858.636975498996,2998.70779065468,138.84619058492,32.870776232294,-4752.42365625214,5
1008.52859040538,-986.357747410801,950.943269722628,889.07860133976,-34.1501502656435,1
-1328.89239425038,-964.517791246202,942.846311658446,-909.812430785799,566.992110673347,2
732.082323514763,-1119.45329036206,890.235082407848,-1073.04515608368,140.52725681306,3
-1529.84367264635,3025.36630585637,122.088522091607,-8.61656713002692,-3172.95438495254,4
-883.491400791791,3037.81817421907,206.965280622273,23.4416456673339,-4688.97056685342,5
1007.3858495667,-971.7016438262,940.326502764925,891.747116563143,9.10565698645635,1
-1329.2971072821,-969.936429445634,1010.22538454263,-957.062919382153,562.023969355573,2
781.874975197127,-921.33537461947,947.601619806616,-1015.84395480264,174.930649011078,3
-1506.45179743666,3015.02073523844,94.390072079395,7.41751429102003,-3234.13020217538,4
-885.080894795114,3023.09818455401,173.323092991659,34.767594235136,-4642.93229225635,5
998.389279759939,-992.620552744099,941.880213382507,880.780333553226,12.3770431745841,1
-1434.1505613867,-969.465769316463,1020.22570962619,-984.749887237921,534.901853440359,2
782.801911093434,-982.03933876462,946.766030573841,-1052.78783317693,148.212489509293,3
-1493.74567529996,2971.15465771625,97.004938085284,-33.0379645784958,-3285.33883498023,4
-936.043159270274,2994.71762498722,124.320190620826,-11.0827195836678,-4645.45924207805,5
1009.89323662373,-986.658251017673,944.101267857083,911.066671576937,-2.26798716550336,1
-1384.52643628855,-1027.25342627314,946.842589222251,-973.946861503391,520.949490758105,2
700.586905492431,-1103.87354189408,894.999994590428,-1055.00516238121,153.266438925879,3
-1481.10182182974,2945.31947567347,106.481109491361,-42.7486628921313,-3344.66839442531,4
-924.48686319742,2988.89710292135,173.949854398228,32.7728130179377,-4585.265739406,5
1008.65823632384,-976.242739555321,946.062028859163,877.332910347975,-7.31841930978854,1
-1445.64796415531,-979.770228525115,964.332905364677,-988.39502307024,483.954513162564,2
786.136309643147,-1036.72528640241,953.854576400426,-1014.54605048992,177.012151438571,3
-1479.67167281639,3034.21854725937,148.372986601787,-0.279952615031837,-3357.40058894178,4
-942.728537713376,3000.0516568911,166.011569572244,33.622826548416,-4542.24132222707,5
996.657950467068,-993.620065964317,929.584267026026,915.680183660151,-12.6739700658642,1
-1353.28406434958,-994.404342419519,987.418137298706,-960.966472278058,509.647020614104,2
701.162398121032,-1111.33230171927,965.155087299887,-1040.98966801428,137.655384420046,3
-1473.09468457848,3040.52130673783,142.810156144679,-14.2833377858412,-3401.13947992997,4
-960.291889101813,3000.5583615929,169.455018348805,25.5123230281853,-4498.21561754916,5
982.657832709285,-982.910468049683,920.781182125221,879.479785077947,-20.4875497821925,1
-1339.29162708317,-897.775791934926,972.76811588909,-956.126912746447,530.331207256464,2
537.492019730374,-919.702217366417,890.020971496928,-1071.05904459036,143.445168734232,3
-1431.07491229326,2988.45588606898,82.9925690143513,-15.5684011656045,-3472.13196924694,4
-988.121007047152,2990.64466843011,145.051479910766,22.1615983532186,-4479.56765863926,5
1000.13527600638,-998.192882359063,952.554773690866,878.719025012025,42.9477730816255,1
-1303.27936557796,-965.860147875088,974.706914961651,-934.37548692471,560.191377348269,2
648.593233995254,-849.541446803884,921.045364663943,-1037.89409307068,190.183876235694,3
-1418.36272559084,2949.3316672482,83.2028730023993,-56.5582538417357,-3514.79355743675,4
-973.298954939464,3001.34440741676,168.410730662647,33.0683160143029,-4385.8154435125,5
997.223162558489,-983.781596821169,931.358433372733,929.164993051351,-8.89176149649643,1
-1354.49006815031,-988.820865756913,940.5685059404,-1010.94598374097,508.184849996437,2
680.47144130998,-922.501930940092,921.833758970419,-1025.14167767454,137.502039729512,3
-1396.28326517092,2969.48453326092,93.3944092583482,-32.4485162493542,-3539.56215712532,4
-1027.35879430946,3013.44185122986,159.095114530402,15.475813963517,-4383.82485981816,5
987.965152357742,-986.129949356067,930.745783499665,895.608013123558,-14.9085431479463,1
-1353.93113495847,-1116.56366632252,927.561815481358,-987.250375713457,513.77783907799,2
684.044280006957,-1023.06724143326,970.097269530565,-1013.13825947297,214.616105278561,3
-1387.10953386953,2989.39759717271,74.3169011096893,-44.8812175330941,-3576.44206624976,4
-1026.01501805537,3004.51115745554,186.031608194513,46.7913152396714,-4332.1353549659,5
984.825395645224,-1002.73073494324,929.131711439262,897.525487880119,-26.995351250681,1
-1267.30135674983,-1025.16833544726,958.325210032276,-1014.25153018113,476.791110172802,2
620.99583684273,-969.97969631175,977.486939774036,-996.318105232553,206.450375142145,3
-1358.76378051065,2982.76499029792,117.414504660944,0.927659754969353,-3634.99613391675,4
-1036.84329979197,3026.97097425205,164.28303540132,51.9094534698103,-4279.71902555773,5
977.88741355542,-1008.71217044195,933.314316360459,893.719122476282,26.3402816558779,1
-1251.58304816303,-1034.98613034726,941.806484844908,-998.845373599601,496.213285005966,2
647.92029327271,-1071.33826101975,972.504619482241,-1008.09777434482,227.588908423997,3
-1303.86348313781,2970.79962958553,131.487242897206,2.96681869428551,-3647.58017460165,4
-1072.84515959881,3015.91369242167,151.463938346906,22.4842220211867,-4248.36619151839,5
984.160135868878,-1006.5245619483,940.763937665055,889.214076121201,0.625144813614967,1
-1325.40075142469,-981.141933208364,938.041951675462,-975.116450167021,476.857341934849,2
585.694925927473,-996.568561207124,887.741996678218,-993.940600637989,203.089118123023,3
-1319.18110279773,2970.40325651591,117.265285531055,-30.4710078422864,-3685.49380681983,4
-1065.5651811392,2953.92454817012,130.751182525466,12.6870334481893,-4215.34977336608,5
989.824651582064,-1003.31394358535,938.276757308197,884.715527787651,-5.57173620345375,1
-1261.9576887948,-1101.69405160061,996.473416620399,-958.609669598816,554.592810630713,2
553.109824582021,-1001.18806051073,927.242146789513,-1026.37450432138,230.438752037001,3
-1282.18834723502,2981.84087560926,132.091120807733,-6.24872869309454,-3715.03347339373,4
-1122.53546633997,3008.11267978369,134.050634908362,17.6977601784008,-4186.0212124599,5
1012.89752801855,-988.592650259025,958.680950288738,904.269549521906,13.0815015584657,1
-1297.42179969666,-1016.69589525098,934.61205418805,-1008.4700897377,476.616825875776,2
566.87522373495,-1106.02075504925,895.152301586666,-1016.34183601879,188.404557156122,3
-1303.52126298782,3017.45548086532,144.83101576148,-15.471001916448,-3785.6645638385,4
-1140.58230627491,2977.32441918626,88.5448073811251,-26.6763214454463,-4154.10410722881,5
1001.35473644985,-1000.41368561054,943.733322319279,894.517045609039,-41.2324744486677,1
-1237.20483547117,-906.687855142917,979.477837122648,-972.327836911657,496.992934384023,2
550.160248117486,-1162.0826856403,936.316208258917,-997.172310957625,232.43506824396,3
-1275.50284549597,3033.90127471444,147.954035486968,-22.754349136843,-3779.09954084563,4
-1157.67609619063,2997.00439811231,103.826178859012,11.8252403079591,-4109.62329919349,5
1013.04003859846,-989.050788943361,954.627368827841,886.52350386569,9.06201817638737,1
-1209.07439773963,-971.526811562088,1046.09978241071,-956.219398047375,524.792542460765,2
532.932925352373,-897.677165086828,919.940818342701,-1024.40964318214,238.968658952552,3
-1259.34819065847,2990.2209828929,137.566873962445,-30.928075623251,-3868.8034897786,4
-1153.46121762656,3015.87393077583,123.986969257248,29.4973171887373,-4047.97806721085,5
1007.52238778557,-1000.11263552345,951.801363036815,913.402618839141,12.7273170799488,1
-1223.85848951879,-1036.13382059427,949.417438988689,-958.078267999456,543.610596887934,2
588.484703994825,-1037.486520666,987.673121599872,-996.331409965147,258.929317451245,3
-1223.52777987078,2987.73040200712,68.704752900088,-14.3058237998727,-3908.25035856067,4
-1160.65922448147,2981.49895880561,148.214858368524,52.6718225882627,-4015.41767508755,5
994.194469314859,-1009.36654665424,948.873142027822,908.417405651536,1.8723423238976,1
-1277.93135048703,-1036.35475111718,933.768607924734,-994.69335158896,489.992921836279,2
549.605727880381,-812.546855452019,1009.12082128538,-959.799822340561,285.010570600508,3
-1178.80725012193,2988.13033515862,136.014973189029,-12.2689347439163,-3899.55140237815,4
-1170.28903905013,2995.76842771697,148.593712313356,32.4698300545566,-3950.19649795897,5
1006.28225212989,-991.827689473073,952.280511159811,881.589631070066,-11.4976558581692,1
-1229.46004694275,-999.067896855178,954.851820145752,-1020.48261405209,471.697208658179,2
477.944341830383,-1041.73050687989,908.983067624481,-1012.08330833666,234.446548130832,3
-1188.48727857997,3013.24194080757,154.217758984029,-18.5158039564809,-3953.64249974579,4
-1156.4009082812,2981.86150533258,109.049657623979,45.5120975285502,-3904.32515741165,5
1007.13269635405,-1006.75785872432,976.55881751954,887.59227010721,5.65774435107197,1
-1230.87804414329,-1111.74190137657,918.259905360031,-1013.53435802331,456.750335404419,2
455.553286491395,-879.495841775879,974.596264607363,-983.832769330012,274.065665907809,3
-1162.81919458216,2992.56001222858,116.953375320663,-4.15018725640147,-4026.28448816749,4
-1211.95339327318,3022.41272974052,137.546008417081,53.8899375377031,-3873.717495223,5
991.845884680522,-1010.02851975514,959.832524842206,885.632470192142,-9.07394147190885,1
-1266.97456617698,-1106.48452030789,958.955025768438,-997.964932607818,480.493695959361,2
570.75522612089,-887.235990925185,985.718341263783,-986.686337401012,266.656717226716,3
-1138.0903365357,3005.36195637979,164.175560354599,4.11625364968572,-4023.41384245364,4
-1242.67394591773,3032.25931995505,145.865512735793,54.6940944731029,-3838.03089190921,5
1012.00145122872,-998.404349967041,961.958174856433,889.29754237701,7.543383110101,1
-1208.86211085889,-999.941019741537,967.108761927666,-961.85803753784,486.814813102831,2
419.470794310682,-933.944666279805,960.794587505778,-989.432604265639,303.597596103562,3
-1131.71389329477,3053.88337103279,203.764044830555,11.7612870250959,-4042.77418101877,4
-1255.49980291174,2991.86501620656,98.3500241723706,10.2534932421652,-3808.39326287322,5
1003.20426644218,-1005.35120786325,954.800772241767,909.556894256605,-19.5802392475624,1
-1223.97299961836,-993.248403582258,965.148901600408,-971.117888299818,519.199210226455,2
446.653144187692,-975.309244993562,989.648846287005,-978.357892865147,308.874096782521,3
-1136.95185585644,3034.24873820378,174.081349736146,-3.79127126424237,-4119.51416242814,4
-1258.61542120455,2992.44807707077,105.193769243518,37.0352198655084,-3758.31077838733,5
1010.84122311541,-1000.03192240865,959.178004204663,891.959440505087,25.6756133723148,1
-1227.80501319617,-1083.43436308718,901.205470013355,-1004.39087629564,440.362354376826,2
400.522043299662,-959.308129162931,956.958490970738,-993.106947003732,268.540969672869,3
-1071.50031918063,3007.7805361677,170.145767333028,21.6443149038874,-4154.62951497997,4
-1285.03991847612,2973.78801734363,144.444225223919,41.6608982592005,-3729.592239095,5
974.172042759024,-1024.13483738638,949.294651561466,892.488277706261,-19.5850018973245,1
-1184.05615847382,-926.513959076563,951.045871585284,-992.065763812538,514.852483689631,2
477.989243120109,-945.179304754197,1002.50684672182,-939.668544442561,330.974707759409,3
-1088.51179214873,3045.30957002333,221.398627446518,29.9374805986014,-4203.20193030013,4
-1307.88385684231,3068.19430008731,160.679705402616,65.4887556538035,-3644.00490403696,5
1013.75706812136,-1002.53328470294,965.295058960618,934.195732493416,-6.87304254616943,1
-1174.52562364933,-1165.99349698677,931.273903589046,-1045.04498374898,476.56898377274,2
387.067977431156,-1036.6923090013,908.895493885935,-998.023929556186,296.976357888788,3
-1032.97152153368,2990.26186352964,149.803665028535,11.1444077793928,-4244.19698067422,4
-1332.41519240205,2997.64707986313,87.6635075183864,43.3853288115971,-3659.96015398242,5
987.847829061973,-1020.10308274602,948.343412815779,917.011657492817,-3.70774351868666,1
-1177.29168856766,-1046.44412884051,910.262086890273,-1048.67998734163,481.288988376494,2
417.134460203793,-772.453448961259,968.532453183512,-953.495659321566,339.808444100322,3
-1069.22818944814,3012.72277695397,159.742376503749,-22.0860716163126,-4303.82462069203,4
-1342.94258551758,2981.85491719406,120.405367191101,19.9420250280828,-3593.73939738696,5
991.661941825304,-1022.64196311157,952.07674676483,897.780059518309,-2.02414644775231,1
-1131.43814551194,-928.703509959525,935.020608485457,-992.839616921769,493.90022129681,2
384.77655051676,-1051.34004790203,959.863648636361,-975.479528419781,305.332826885819,3
-1015.09672297293,2965.05879953536,129.592981163931,-10.4579504651044,-4348.27008183043,4
-1367.14558917757,3008.99675817913,102.934165622845,31.6447700409503,-3548.14239144962,5
1003.03011449394,-1018.7321521492,951.898400655986,916.133769092109,25.1283892702681,1
-1138.6529113437,-1109.34898420085,922.143824862908,-1006.96155620388,495.681028164751,2
394.764853498655,-989.00898633681,960.734859020177,-970.501815771126,297.351181728394,3
-1003.81640796129,2972.56543744955,157.945243314664,-17.5180728481316,-4388.04886101523,4
-1378.32763526583,3035.84915605703,158.901160925206,52.2953931863206,-3490.69796652214,5
999.55733098408,-1019.02880048849,956.300442541671,890.790374379411,-4.57122804763682,1
-1155.26185424518,-1144.94268984948,952.060771762057,-1032.73437126016,494.652679060382,2
344.087496906974,-1050.56203412055,939.393053413901,-976.60313157433,308.078334390077,3
-985.620053664607,2993.64683877665,196.578629963637,0.134962176410268,-4419.19884706017,4
-1413.765964233,3007.1145135286,95.2117176801029,17.6844240759456,-3481.80114909052,5
996.673587283027,-1025.01839106993,967.338113243221,888.374329198937,14.4766638296966,1
-1119.97810326964,-1061.87556794224,957.272312072828,-1025.83511622087,524.517013599365,2
213.812111185241,-1011.22763063585,924.765490246416,-1015.70084384081,291.036653452354,3
-945.732120984421,3015.74106716882,199.281111079742,10.7106111688988,-4419.6801086282,4
-1405.23068739494,3001.3025057838,122.421314183834,39.6912520107783,-3433.13766445847,5
1010.41589455486,-1012.95040698893,953.651055932191,911.983364848091,-10.4116657275507,1
-1187.95292467803,-1000.48160398396,863.115366788361,-1066.22144223529,470.472622892744,2
261.774831928519,-975.458562993186,956.602715219142,-977.272846454891,333.094115605478,3
-946.161194950058,2977.24700213653,165.338987610312,-16.9573632072442,-4494.0378951557,4
-1429.10431168012,2987.21347039422,85.5264973970761,30.4793083244669,-3408.75186942498,5
997.312216797052,-1020.33053016635,953.319381546232,912.267489288604,-3.68955077372035,1
-1138.2540530142,-1047.58996465336,883.980559497032,-1070.86636404328,478.968024950602,2
387.49536136394,-880.362745838989,982.538750044903,-954.575703701471,343.938452936245,3
-888.13552685039,3058.43710874981,188.084394365067,38.6664883653437,-4475.93129781784,4
-1476.5764253843,2998.16603241995,108.994441620868,10.0445377174352,-3363.58576868967,5
1010.45893390846,-1009.94742262018,968.143876982657,907.107025671387,-25.3048088701853,1
-1107.45736318812,-996.054257809985,933.756551093868,-1013.77618414347,465.418311497934,2
258.399688953979,-1171.35307878749,923.324884378219,-1030.3144071375,296.854406651467,3
-900.579588041672,3014.05462729283,192.745937404528,27.8660575572075,-4565.22216037503,4
-1476.75749683424,3008.22499294924,71.740540549156,23.9509980114967,-3317.72118700047,5
1000.23522497663,-1018.72973739404,956.544355834881,908.712922386883,-5.80024357030174,1
-1085.7004050494,-996.951579381268,963.87014089285,-990.191957508093,524.878729548847,2
255.671685325133,-881.233061797326,949.773762485322,-962.450291459409,349.821652869826,3
-926.858858272065,3058.02022798975,204.017335488545,-9.65397879317688,-4609.82205718252,4
-1482.45345021788,3043.69295626922,151.502705129424,54.6573732191582,-3231.70767753164,5
996.893720785241,-1018.64711724182,946.707139199682,888.838327571319,-17.895708943517,1
-1088.53917549366,-1110.66728873467,976.979958982964,-1027.86647698044,467.438746991994,2
298.193646886614,-922.170024336068,961.947916998942,-940.909085185925,386.209741249304,3
-888.834664128833,2994.13016959011,130.247413355209,-16.5112289390372,-4679.30926138557,4
-1500.79575822924,2989.01246339596,86.9745183495831,25.3884500766822,-3223.5947895518,5
999.740435625601,-1020.03414383986,952.495938976499,902.343948038986,-30.8996032374377,1
-1148.71811984385,-1012.65843045882,916.758865936521,-1058.01731612178,465.686393783546,2
325.710497258307,-1119.81400037999,994.931875370482,-950.288003371031,382.628071165735,3
-867.568975596882,2965.32325786059,143.665880749942,-50.5163114769935,-4717.6868171647,4
-1495.78335121598,3003.43062258256,141.412922343071,57.2936471237092,-3176.48168058283,5
984.057347228298,-1041.07762308008,963.025965563427,881.77099560953,-22.6086669972957,1
-1064.06904959885,-913.636348248676,921.634079339206,-1048.54126731939,482.888493708978,2
282.788200999182,-1039.8920110411,1005.05892534123,-919.971046113763,398.881068244814,3
-844.920445891003,2989.97156650767,209.834613505285,-3.3372574141191,-4737.58479520219,4
-1531.3541170796,3017.7770100295,90.3193523112916,42.4636908560402,-3138.78664126858,5
993.404053026144,-1037.30976135581,962.863336854192,888.74719279458,-27.995202241896,1
-1056.61307204675,-1050.56217883503,1047.02715287156,-988.311336016058,513.275696375457,2
247.498334360972,-995.79706428037,971.154415064923,-962.676619958015,347.070419435636,3
-842.17382692423,3026.12983857947,187.398079665057,-30.3308226942786,-4772.79254924102,4
-1559.71924703225,2990.3551748641,117.190005306138,24.4336321776271,-3093.77557542324,5
984.58627402025,-1035.06157863163,965.69956488993,901.837916573109,10.6967469091367,1
-1097.90515422557,-1031.20215588594,947.192923112933,-1046.3265867801,469.033876006853,2
176.955068251911,-1175.57586406259,941.488309121595,-922.830366321151,383.00205255075,3
-834.449158081786,2987.81854636477,174.975679299568,-23.2716934523756,-4847.52206459488,4
-1592.27443839018,3018.77250868879,90.4828527760728,44.0291688772583,-3083.04982860367,5
1009.17126779303,-1016.64351555141,966.72114577951,905.208453113631,-35.8531023159849,1
-1111.79830078034,-999.495405978852,940.9559964404,-1085.3120957075,446.898906256122,2
247.48188798871,-955.608690075694,986.417141970221,-964.491261447596,366.144815675498,3
-761.936188453472,3004.75154504413,158.900136173877,-7.15691253516016,-4831.65184404808,4
-1598.56741835409,3025.92592293149,102.158884938374,55.37905189809,-3015.53676399639,5
992.223226441144,-1041.21281441229,953.620345343532,919.142510105735,2.21311396702225,1
-1041.90954955859,-1126.88274404046,918.377894610184,-1053.54253865018,471.916651635166,2
185.104099095269,-940.767987954795,945.114925402964,-960.65975773321,386.152475452401,3
-803.314027775819,3010.81560049997,212.865446602234,-21.6449040742839,-4920.70225892156,4
-1625.68645231936,2979.46378785223,54.6947723789288,21.7359391982928,-3010.12240707248,5
1001.85075351734,-1034.99874646673,957.506326962015,902.673078650254,9.22990113363233,1
-1039.8780936789,-994.386280092947,892.344485499806,-1055.28878331316,471.274662931176,2
134.360545407566,-1088.19469920343,972.078206237575,-934.504517766392,395.646990265918,3
-712.949144216793,2961.91581772362,143.814731041317,2.78887249570118,-4941.28047046803,4
-1662.09180572318,2982.76267256947,92.3274164846974,-1.15544716406987,-2960.46202366933,5
1011.83246741631,-1021.43583297318,970.995463935127,901.643301989662,-29.4985812617036,1
-1069.94498892261,-1049.71451259757,922.817647706168,-1061.8153631698,469.058423049293,2
113.891299297941,-1062.45539905066,891.848151420738,-944.741322863836,372.805666955464,3
-738.500298063268,2989.7300643255,211.475123358577,-12.1146132256125,-4979.14427711196,4
-1668.15327423519,2986.95551256573,124.054975203563,16.696826607748,-2895.29763811538,5
999.011442905464,-1036.31599173208,960.060766977699,885.285202083018,-24.0976422468345,1
-1019.00685239977,-988.462974998904,1001.67319446666,-1004.91965041153,555.316390766811,2
29.1391282976733,-1046.87424128872,970.804036522766,-959.530309968979,398.062754899451,3
-718.943811686607,2978.26928648866,183.845358878419,-22.7018159427598,-5039.81598981927,4
-1680.90136792577,3036.41340247632,130.422919755034,47.9097507671835,-2855.89356218111,5
1007.22479460886,-1036.50279853737,972.841765439387,895.569101589469,-10.3208090285396,1
-1126.4869624591,-998.129834912757,854.203352262787,-1111.90112435877,380.751068843878,2
65.0575021687402,-1073.53019341148,971.116488556296,-932.819981177259,399.225113762975,3
-641.803735304087,2995.69738205402,208.865892403839,34.7804384243923,-5031.44873648338,4
-1706.77561646293,2983.40721566637,55.5095582576082,-5.06268115452992,-2837.98186136747,5
1008.25712195185,-1030.56089117043,965.334033820943,893.672456846745,24.8891583681069,1
-1028.15847544597,-996.832690998363,954.974492745325,-1058.95764050456,481.625139417973,2
67.036942626681,-978.15564033622,963.748401304985,-945.410221214771,397.612350886917,3
-703.559247244424,2985.01082650711,227.751144530228,-20.3775690605033,-5124.93763329835,4
-1712.03452629101,3015.43365752592,91.8812560835901,42.0468547525524,-2782.76728018059,5
989.189307005529,-1038.970968299,960.283540139673,886.568312300129,-2.55783845690739,1
-1101.82641789459,-1065.29920455229,885.099504894686,-1130.59726577747,423.717717458365,2
58.7981171234469,-1092.90459356171,953.946141027169,-971.07002562781,400.884175956048,3
-650.419575420658,3014.8495010486,176.477791315313,20.323926346688,-5147.23732035437,4
-1701.63271058656,3007.32280329757,117.683668657582,63.0607337385941,-2741.3563829616,5
1008.31358713069,-1036.10623827486,984.810150109609,897.697691454724,-38.2145436830489,1
-972.73111148616,-1041.45589703185,887.969543409236,-1112.63782699333,432.179267742718,2
46.8040973367943,-951.455098923738,963.502250144163,-928.198546970161,411.941094349997,3
-646.090963382225,2989.2709626813,180.194933809105,-20.0285225886717,-5203.15988337007,4
-1763.36031458922,2993.64338970924,74.6008107915158,27.0618341371159,-2726.42900061516,5
997.513234142142,-1039.05716420388,975.087201411849,901.378222805624,-2.79831735505332,1
-1064.89652285486,-1045.41503806083,866.696182295626,-1133.91292594823,414.2749812183,2
16.9880147670338,-1124.02996601265,991.167413322858,-938.258034400137,433.04297987135,3
-596.349235556729,3011.61572331941,172.943927988928,5.69348772269906,-5211.75383012437,4
-1771.91615594088,3020.64310928758,118.762059223204,31.7306453118284,-2644.15013666951,5
1001.1598404544,-1037.01628750357,972.509498690896,918.238160517289,-4.14084834280957,1
-1016.53949947183,-1012.34004088289,851.25720036481,-1049.16393841365,438.40860855211,2
59.3831558366562,-825.517221619717,976.783165590873,-914.828337376779,436.780502289595,3
-568.911100682374,2989.71883790546,168.257764535921,16.4987613927655,-5249.74843514057,4
-1782.78254097604,2974.87131773503,89.6726234537868,27.6582055040493,-2630.12223108915,5
998.07537592534,-1047.86665498366,962.010616999078,887.325746144204,19.6197050528711,1
-1012.09442572695,-964.192385954383,939.522030625167,-1064.61810088342,475.163257774092,2
-13.4065158542626,-1001.63341417532,971.842813130836,-931.758046600579,443.794884449097,3
-615.761438181077,3030.36260050558,221.716430632076,-19.4877590882781,-5302.16463435126,4
-1836.46388347337,2963.6909424321,95.372769334284,-17.5996334211168,-2604.64408864316,5
1000.21682610929,-1034.29918007592,958.580358460384,915.574437556232,-11.2418205059604,1
-969.988906562432,-980.76429161538,946.863857129052,-1058.30632114155,521.802168864309,2
-8.41612501955544,-980.275335559545,1009.17326609205,-910.819852885967,453.115282328824,3
-609.569712068743,3029.75277323469,199.892507684329,-16.1003512939423,-5363.17453625922,4
-1808.0139602275,3012.85077584175,68.1522716897893,37.2726191250296,-2528.22558055939,5
1002.30576391877,-1038.35692457518,972.516773123324,913.880370063432,5.07262721977296,1
-1016.18210778401,-890.123138832574,985.370609227581,-1044.23351482995,518.634899968301,2
-59.9337143556868,-1043.55845860423,936.11579052805,-934.210424471823,428.810112058071,3
-532.861367626248,2981.73572904028,162.397458655732,1.14659683329066,-5399.68136134524,4
-1817.20615835402,3003.7722253682,92.1750898203088,50.1188954069741,-2492.53718437397,5
986.52739439514,-1045.51863375037,950.322504221377,898.157739871093,28.387217946639,1
-978.099401297619,-985.605485888767,903.875725198532,-1085.23419827072,443.460151374284,2
34.02898144636,-983.014125541027,990.729669347021,-927.986709034702,455.965960888824,3
-589.044716632205,2975.95127164957,185.820520395883,-61.4683372589032,-5476.87195432181,4
-1858.68495737797,2991.40540653843,86.3864038933803,33.1287319877555,-2466.68123087603,5
1009.38963106608,-1051.19106127199,971.502750722929,914.498293162912,0.556242461900524,1
-912.64799045787,-1070.16382554369,916.708517508145,-1047.08698884565,495.454704362755,2
-23.7758343266465,-1019.69827388914,962.981394740295,-950.884123706077,437.383036763019,3
-508.435358809505,3035.58120194923,212.175382899301,15.4047041897678,-5452.93484592618,4
-1888.88497051957,2996.85135173778,31.8877133731507,16.2448854659667,-2438.48600674922,5
1000.36431366987,-1048.32776732235,959.201709784131,898.31347574218,4.56410858221139,1
-935.689003802441,-989.400197341974,934.398614327978,-1089.34153120057,446.420110941242,2
-87.3962788358978,-1000.44670134175,971.848791641549,-945.711014687055,461.115642593981,3
-498.952013937945,2951.86268432987,130.832263153196,-44.3487320438764,-5534.19278750882,4
-1897.13666353514,3014.9234977833,80.9991198630609,34.4666251803654,-2368.6234888051,5
1017.39879645232,-1040.98233826682,979.072643681676,895.333704095596,-2.03721786909575,1
-913.724623398536,-950.161741357455,884.245878636115,-1083.13546989439,459.767615008177,2
-92.0466887293666,-919.89900586381,982.107059547976,-917.035499245792,459.261135273664,3
-488.19567959329,3013.85080771114,186.924896996567,-22.9365761970818,-5548.0962621766,4
-1898.13315025015,2998.70466920646,15.8208112680835,22.7064430897174,-2330.12371815465,5
989.963532812286,-1049.79223594364,974.683053562456,901.899606291918,11.8367050822285,1
-915.861661786059,-1080.85679260932,938.08172524435,-1082.30682610046,444.420896911844,2
-96.2946082968931,-1077.87917259529,987.042911080583,-921.900621636174,468.980669053442,3
-481.316370621686,2982.88231665559,157.084512233977,-43.0757607042776,-5625.27995485899,4
-1896.63762028398,3013.61004376794,57.6573196869031,66.2046742354602,-2288.96575394009,5
998.364143615017,-1048.19277275759,973.227962860216,901.124241631801,-17.4690015947831,1
-948.739605405531,-1093.06697792817,835.29867087142,-1122.63611336192,429.377206061805,2
-90.2257721795613,-897.267173524337,951.049189128833,-916.283769077182,486.359983739201,3
-455.336232185244,2942.08720239017,141.041418877725,-42.5693803122244,-5688.28099034149,4
-1959.66646121675,3001.88680626534,20.9672184643945,6.13991530244197,-2265.11517571568,5
997.697700007244,-1038.36771854674,954.775797573093,895.549841994373,-4.2182532051805,1
-930.790453113652,-906.856629082066,916.531968986062,-1110.4945737111,439.777013945986,2
-149.168805450458,-960.83988763723,953.620387690217,-933.649640290103,504.26776634746,3
-448.993630312665,3004.82222451379,245.663910959685,-19.7339272936542,-5677.56214963299,4
-1941.47980433934,2996.16349608274,65.7734696599884,35.2600845436259,-2194.07081648889,5
999.234130416969,-1057.17785648313,963.654172718119,890.204305996206,16.5504008813411,1
-960.450164205653,-960.673855517052,873.741660480287,-1076.35547344645,442.814819008619,2
-196.123003189728,-1014.08006708391,953.614661480976,-923.422992651114,472.48834631125,3
-420.106021987881,2975.24812441403,195.989243589704,-29.0026423854314,-5721.43880293242,4
-1964.25951472074,3010.04372504083,54.0974302443436,27.1279919506469,-2145.15591739026,5
1000.98620871482,-1045.2808377511,973.96103591406,897.562056010637,-11.6917638486523,1
-989.862347580392,-923.989556621622,940.066282833073,-1128.33608210308,468.500482191888,2
-150.608643595279,-1054.31507928453,994.791573600565,-893.213704376188,540.503670490663,3
-431.385407573321,2958.29263998508,180.46822667312,-48.6714330357034,-5790.52471417149,4
-2029.38461068015,2987.82499972593,64.0009256816892,17.6779885728265,-2168.01891580527,5
1004.83298654287,-1036.58278112936,977.660065831648,906.573030383234,8.24649081549465,1
-893.887026391427,-984.338870154737,861.114495043277,-1133.4446895499,426.277676442433,2
-138.481019745951,-1026.29013343655,1031.39897015012,-874.439028571789,525.631523949425,3
-364.285123027505,2978.96259347481,253.226463081665,-2.42727832931729,-5789.10801724316,4
-2001.81937912745,3015.92900184614,83.2959024328027,62.0116225167043,-2073.15324583302,5
1005.55124619945,-1054.1880859719,966.546978330037,902.546574943334,10.1599625868401,1
-848.81898154486,-979.550459218414,1030.39812258204,-1042.03620545438,501.505534551585,2
-122.358641533117,-959.886916697882,1001.98632645302,-903.787011381964,503.630782011531,3
-375.942017627144,3012.55750388278,215.329919385302,-20.2205116364237,-5848.1875950663,4
-2012.15878336951,3029.34428154621,89.6313887091732,68.4837127158376,-2017.33214814115,5
984.744595861965,-1058.410119499,962.257529100211,894.923807367659,-15.8412127508746,1
-883.193891180332,-942.049492188097,973.941813343482,-1040.43156545663,462.718220145443,2
-141.227681579838,-885.737123947129,994.040024501339,-901.626176673197,520.927890972565,3
-331.495596025416,3025.15830007155,220.547786482389,13.6908591334501,-5869.13776349477,4
-2045.27828801958,2990.34476321397,48.8620885964059,28.3279685044182,-2007.2431449296,5
1016.21537816599,-1053.96582634294,976.821398401788,919.866661979861,6.02267903408118,1
-849.668618480286,-1120.753953141,914.57567116518,-1138.44376174732,440.918464860345,2
-215.480927053694,-972.405060613596,957.323554878351,-905.506157832291,508.673931163763,3
-313.036894360029,2994.84229659931,227.879270392889,-6.79099659493982,-5905.25808438323,4
-2060.32091115773,2994.9733788732,-3.32774793121772,44.7158570542111,-1978.60202891597,5
1015.14484208335,-1060.49824099139,980.748538213111,908.659534653893,16.6734194099284,1
-885.082785273687,-1033.09610716909,963.250507816804,-1087.34473252255,445.166381936478,2
-280.954365798631,-963.364857144834,1040.86893149228,-889.977671354823,555.528077743584,3
-294.368019374451,3015.78866923952,231.641791976497,0.463952345653789,-5945.92551528432,4
-2088.30591614556,3001.5136704173,115.101109009131,34.9950576755819,-1908.50755771647,5
993.868929526904,-1059.90148443627,969.821091656223,886.225304705911,0.585745321171902,1
-882.001575403061,-983.457372461223,907.236319482206,-1124.54014628202,424.357384140964,2
-179.027838871525,-910.952260859979,968.919633561207,-867.846351245178,552.351203326373,3
-278.294311742036,2998.56041645279,228.949441070774,-0.256064982668708,-5985.17881933333,4
-2076.66834124147,2986.02314939069,20.6004035445268,43.1278347679628,-1892.61998512837,5
1002.00919063552,-1054.95833140515,981.377122535861,890.283875913161,4.98094399249669,1
-850.951561073892,-1049.14813051334,893.854554706629,-1117.23861518046,467.197092764701,2
-323.910753567902,-949.509242365182,964.980156524299,-899.812285721316,543.562871018299,3
-291.105470422604,3003.18163943842,271.703684485193,-12.9498973485899,-6050.80786362637,4
-2120.46316548629,2999.27321200348,65.2200684431462,43.7245009755176,-1844.63685772332,5
1000.94378063051,-1067.07295751888,989.324733638641,877.025689400373,-2.66181583990516,1
-858.439098958977,-997.740009066612,956.018910952239,-1120.16700279319,491.869737095876,2
-282.074103544742,-992.181240239366,941.098702254354,-917.140123145356,510.271886466386,3
-250.901015856467,2999.74817303148,245.045708000055,-15.0157932966305,-6080.76975277338,4
-2139.08205405209,2991.49144820543,76.5787528467396,45.9592330252714,-1809.26666087858,5
1006.67904443853,-1056.77519473581,963.472304672006,914.62563253112,29.7675226779432,1
-901.878686065604,-983.085519946053,842.630656827468,-1128.41819822794,455.083068121126,2
-248.633080105949,-1015.12139534985,962.701225467394,-905.524862311986,534.604817220306,3
-206.818879708414,3022.90536250461,213.204577355507,-2.61787391525347,-6093.84532901442,4
-2202.93877366168,2980.15798580114,52.258715790656,11.0987171446948,-1806.91049953706,5
1025.83597181449,-1052.91757371344,994.026891196459,921.423339174801,-6.23207192693625,1
-834.413585605111,-1056.38014751656,954.038606099231,-1111.81602069622,421.564776755704,2
-306.63922557591,-918.760487439025,970.592982238558,-899.438675515848,531.668821581928,3
-224.994333627821,2994.09784817408,221.151237523581,-34.0973355620168,-6169.86671331692,4
-2221.75599675516,3008.90206736141,81.5129134944749,25.5008168035354,-1744.52382651281,5
1012.51833836231,-1075.1578639428,977.812560130657,917.160265753112,4.30237976096366,1
-828.906656183568,-911.45081967749,960.957777733573,-1119.80835391696,460.116035278301,2
-292.280097858882,-895.237600581789,971.633305450173,-880.025463330581,562.080382514559,3
-190.260679196534,2988.39547843383,220.686192057177,-3.36984574081253,-6220.24833648947,4
-2201.65824685927,3015.5499844492,80.661076699697,37.682066768549,-1673.24643627701,5
990.747036968614,-1079.98259898675,966.357982225103,902.95112871196,14.473175681741,1
-876.656728715347,-1035.6527261965,932.137421625466,-1138.6297023109,421.436443009837,2
-308.999988809596,-966.611059901681,969.715515293259,-898.434114076285,555.497472209878,3
-165.142011638699,2984.79635480115,278.764326690798,-18.1629092070219,-6231.04899006696,4
-2231.05748867165,3021.44369812817,66.3302949339184,49.8652324079511,-1651.55069403072,5
992.839434463227,-1074.52350695932,996.982547545203,896.736192121238,-5.31238734209461,1
-855.629694489136,-1045.94928123189,931.744218394623,-1108.88129437638,402.352038763292,2
-322.594276853423,-928.847123237037,983.958708120932,-892.565849733431,581.418694299532,3
-183.853691534349,3027.52229280485,251.406944984608,-9.86502090314892,-6292.86997708228,4
-2241.40407130344,2994.90454823864,21.6164102802868,15.7642375266669,-1620.62212871213,5
995.355554375568,-1068.0973986333,983.956513324248,881.863632475933,20.1013952605564,1
-859.775374144688,-972.83776122665,950.906571298512,-1100.30489731073,448.809606608385,2
-361.243330773068,-774.779865226863,981.521521580283,-853.840431083163,592.785271555,3
-120.572833832724,2973.12141019763,210.012869747725,-10.9896067415421,-6332.06072844526,4
-2259.68592391504,3010.79182923693,63.4682920780261,37.2565930959858,-1559.02923351553,5
989.68842692769,-1061.98366714389,965.17809481249,896.594383913691,5.31760165331615,1
-880.767388081477,-997.349697020757,836.291438445482,-1148.43973670864,412.547008207778,2
-402.791950292714,-955.935143254705,914.824281102763,-904.089998528018,548.501704937797,3
-103.414625548568,3012.4037912619,293.177958866407,16.3945693431563,-6339.48862390906,4
-2296.1644489259,3023.36576203005,33.3940004021892,19.8399027036846,-1529.81426089608,5
1014.51894951597,-1055.54566986949,991.888542810589,907.34363687997,-29.0444434919315,1
-774.978024782974,-982.367590475421,911.558555736928,-1113.53343411992,412.569298342223,2
-445.685671472281,-1015.08638943708,921.579522819695,-890.188884593152,578.424904077359,3
-100.480558249568,3002.59727912855,235.838432700335,-2.11510331951964,-6413.49659564949,4
-2275.21318662199,2983.80750520211,51.44916918706,50.9009835122922,-1487.84777582402,5
990.779456237693,-1076.36751113048,988.783539839405,892.583654928185,-18.2526964928118,1
-716.74703381011,-971.660844739736,951.195150405825,-1085.55318007737,458.433200259357,2
-497.112929328747,-1093.5643315996,931.660293246201,-892.910588980468,563.925753655636,3
-76.8024613877434,2991.55828609163,221.761576287727,-12.146561965845,-6453.63621433932,4
-2325.7789751838,3005.26881881555,57.6011793753493,32.260222215795,-1448.77067596722,5
999.752306107329,-1085.74019837201,974.311663549869,907.089582629648,22.3088194270278,1
-807.849738399628,-926.319993128213,933.774571593784,-1166.67317206801,434.254910848349,2
-507.405831638102,-1013.07123982719,971.286839370791,-871.630848798044,590.702011685289,3
-86.8912890114092,2995.22328916768,208.528521829616,-29.2128913467172,-6524.00452286425,4
-2360.81674489594,3022.79609369644,56.1050172508196,25.7987486575,-1416.95347196166,5
995.260362876874,-1070.36007527945,976.925426683054,915.128972408812,14.2790047573503,1
-768.55435533474,-885.787866193115,931.426502246578,-1143.85598276945,416.664620082837,2
-383.646731736453,-1003.04831596181,1001.90934324911,-887.764565801405,583.58614606071,3
-70.8202557509515,3037.84744990666,256.99783038365,-10.4503406788054,-6518.4358633458,4
-2357.00479693919,3014.5137540021,16.1281021727703,33.423554581804,-1370.808518971,5
986.759586640167,-1071.43431818203,976.300460292156,892.707117116136,-29.334371514071,1
-687.173364018547,-949.381820738136,966.716630652984,-1098.51093395695,466.003877599864,2
-450.888400452573,-1019.80388917767,972.540614975295,-839.893697637591,618.274712810857,3
-37.23914134369,2985.71752389683,252.593798515575,-27.9483889448925,-6574.09443924692,4
-2345.20352946672,3017.26863823407,49.8266149238196,54.4836885033799,-1307.59116849609,5
1013.68719435889,-1076.14630249102,987.609653298453,921.096176159321,19.598032008085,1
-754.703173461776,-899.21265723969,928.740154863342,-1120.64482481168,467.830218524135,2
-405.685651735973,-879.853778993101,990.249781325114,-862.0095814738,604.220042389629,3
-24.7593251136599,2973.56113687183,256.160019486161,-38.2147048411875,-6626.0555807191,4
-2367.76023060553,3000.18172586587,-5.18477668208651,34.7881313737632,-1274.21927876346,5
994.428849296637,-1086.94920955888,989.283188244824,903.348346969999,-10.110356389224,1
-841.774940694015,-1062.5913752794,881.81855477571,-1149.50183175959,432.241317097409,2
-482.721109506977,-905.733156506168,1025.94257683413,-846.948375934719,623.144203488119,3
6.47445200861626,3024.09990516623,282.570450981592,15.0483169485521,-6645.73005601099,4
-2391.95775767478,3004.98855122194,12.9438033429014,35.4768745690158,-1244.6429626545,5
986.753847597174,-1088.96882117933,970.202918553772,893.375581953739,-8.11516550887294,1
-707.045094715533,-994.537693676386,854.54046900977,-1163.43968038763,391.494237773863,2
-576.155887551128,-1073.98658638925,960.319503754687,-859.235688644394,638.031586918691,3
7.85084356470857,2963.16979771224,236.730345032838,-37.3660252749093,-6719.37331046814,4
-2429.69930577798,3029.1117675274,12.8902929273058,39.7928999816356,-1204.28680313692,5
1000.83533037547,-1087.82455462879,991.529720235946,889.291599175349,-20.1980094291682,1
-700.246503453529,-869.219590578338,867.309528446012,-1134.81299781044,468.75840473256,2
-575.833818350173,-1029.86075983819,947.091542028384,-888.917288310267,605.396035052992,3
58.0566631967417,2996.128130553,236.43917114569,-4.19452320507251,-6730.99465177786,4
-2453.00512682024,2968.00506003611,10.037598640416,3.54878512380738,-1186.2063342689,5
1004.65090710543,-1077.1218433941,974.371489399025,902.916161484244,33.4814208024594,1
-781.03233567081,-1028.86817097056,887.04027864515,-1166.12585596653,394.726370224636,2
-527.889161335741,-957.141419568795,980.426368228901,-858.17597289664,639.426728271873,3
67.2227007940961,3019.35219421539,264.666425662164,5.09785935925454,-6751.57792438746,4
-2459.89436351701,3007.98066009392,62.0004271912196,38.8702417196778,-1119.46313501834,5
989.934595838607,-1078.88852598474,969.389169349633,898.065608795357,-25.5319363504863,1
-762.351301102212,-1052.59680658501,924.264121780176,-1143.11057893009,400.428943170268,2
-550.04449439919,-1056.27699622171,1014.85990132608,-855.008514024652,640.623186120084,3
33.6279203371443,2972.79951624113,241.027684876104,-45.2511942716124,-6867.21225769314,4
-2479.22239763857,3024.47195211169,10.758235545944,54.8024709071562,-1089.99591812884,5
993.85253199497,-1085.81898222389,992.698590975561,915.805998707301,-10.5236011569715,1
-766.735717046968,-1046.08210684822,889.706994113514,-1144.83178527232,404.217477019948,2
-607.843072177531,-1073.23431249734,1025.69373938365,-858.324993079249,670.836537882628,3
56.8631746005081,2980.74745453844,272.497677172,-23.6200573963644,-6906.21259257936,4
-2484.63812704534,2999.1775325765,11.226441000101,34.0161230492034,-1031.2200346557,5
1022.90921672335,-1077.76746497248,1005.23783942187,885.004962550253,-1.86893548918001,1
-697.647550275005,-1035.38131295616,953.660722218807,-1133.93412953904,457.495311947043,2
-567.81541758126,-990.311405562799,992.816218265242,-829.901430314583,665.362554688848,3
126.53902391875,2987.04379353033,240.475151321262,-26.8567464861853,-6890.15279811062,4
-2502.1572354429,2994.95302325752,0.0369020075289015,27.7613145874805,-999.82165378448,5
1015.06860110241,-1082.54080986462,999.474580139516,915.328963387108,11.3419049957695,1
-628.915822092246,-894.721300787977,914.135506354391,-1132.58838252127,426.767342249794,2
-582.635451068307,-1024.34985980908,974.932292861221,-858.977679537283,649.113013523606,3
130.868321908686,2993.89672209977,253.301496303401,-15.1550284960138,-6951.16358617372,4
-2541.16927969472,3003.22165995538,2.31377642271671,15.6947486184068,-958.219004471921,5
983.904206354433,-1083.83871589563,968.53142480064,871.743121246185,-29.464691314477,1
-686.186899647141,-977.456082185768,973.882329278449,-1132.93248404948,397.159132870408,2
-632.24922219352,-959.381910596511,993.230675386115,-858.303866078639,650.325710073192,3
134.180222316545,2973.5889942837,267.441975751997,-14.5228028059532,-7004.0589310979,4
-2542.62019012635,3002.48512125619,35.9078796665147,38.698103596965,-906.196118681295,5
997.55462748334,-1075.09750868377,973.443436900766,899.426919551221,-3.64374968350836,1
-682.707093001668,-1013.14872965292,914.004376419445,-1165.80031967093,438.030608560341,2
-641.125067042941,-1021.2436610008,986.261883403127,-849.102838993011,669.917680443635,3
202.641511259309,3050.0241104466,346.787752503204,47.3991500883599,-6973.38522254645,4
-2546.01970502788,2989.06694315374,26.2578245683182,34.3321750172277,-860.978420805641,5
1003.33184487958,-1087.91521977893,989.360114700066,900.597830088424,12.7636546372957,1
-716.508132474615,-916.76314166831,909.948135168814,-1163.12517756161,371.410558290364,2
-728.15628427558,-893.595019084654,995.00004630502,-865.505367396797,660.716488371922,3
154.688074646125,2973.31536489401,258.0665304418,-29.0504244063581,-7091.1821564758,4
-2595.50900062836,3007.21886571596,-4.88466102900133,21.1882638759801,-847.205537129646,5
996.573124132587,-1074.92368663195,981.076815884303,907.204921082476,-4.52004912485115,1
-638.90491896003,-959.329742765238,897.203938336526,-1144.84870944372,467.104422422901,2
-647.838984635339,-1014.75699587629,937.169421977321,-878.699607936729,646.047169585949,3
201.644643292856,3001.04181997221,269.641790132019,-7.16225167844559,-7103.87553771465,4
-2593.00128533362,3011.39040149745,5.53805111937057,34.0920354354828,-782.484456265636,5
1001.29006064473,-1077.25564757967,984.793097690042,908.751431190939,-14.8466335900555,1
-607.472745254422,-919.535200380766,988.919732196441,-1095.66490664941,460.336798676618,2
-595.95416080581,-1039.53268525145,1009.12837082011,-830.793726366422,687.541565591858,3
240.241491745626,2960.15063366387,268.469390314325,-19.3197462192584,-7134.75742776781,4
-2626.683090783,3012.36912845756,-6.53038085002109,25.3366675817703,-750.609780357856,5
999.651917420642,-1085.42122315372,993.416161404817,897.356546489471,26.6479070494172,1
-748.026674407588,-1077.12382673941,906.401708418323,-1207.27063747801,410.656764635795,2
-789.008169749128,-980.251731006246,957.877670591185,-879.130358573046,663.239192474295,3
211.582167381283,3000.09963328127,258.766370482722,-14.7891890925582,-7206.78258225684,4
-2631.92869752134,3023.39266286632,7.14036007348769,41.2478111513108,-702.62366201868,5
1007.66356500531,-1094.43517091834,987.996764877107,900.282609769738,-11.6563081561566,1
-725.943466938068,-1085.60582320862,825.27329859227,-1191.67166865166,423.775265724015,2
-690.611685740487,-907.644060202115,998.702266652589,-831.607909026662,687.285423593886,3
263.232777941239,2987.313641136,286.908467994335,-12.3274801846123,-7224.02231421743,4
-2655.32934493114,2984.32265903645,-7.36218591029174,26.7456926410009,-691.776217521896,5
1008.81786436143,-1094.97869746864,971.149441256748,912.236412024656,-7.49557193080042,1
-651.070316609057,-947.139576040805,951.618596888208,-1132.96205206183,386.990537122967,2
-783.851578076076,-1134.2163135032,999.932724586152,-831.93164728603,684.005577375539,3
281.163431627133,2993.64302394006,280.305830046863,-13.7534715999075,-7246.0082927025,4
-2669.48559825454,2974.92811924573,-6.3880441046647,32.2164180546538,-642.994074189727,5
993.962762897286,-1093.79063746263,991.386537531739,890.015976264416,7.09999342057186,1
-670.142698104415,-1142.43943487922,835.083940725041,-1174.58140761242,413.320849367645,2
-772.514562255234,-1095.300964302,963.850425399199,-849.381067609175,687.011748377306,3
283.324907499924,3003.36123296942,294.264086132498,-7.08935142897957,-7316.18128963546,4
-2680.57160591229,2992.84067202185,-3.96767423383868,43.4210361338123,-609.462293520325,5
995.426678958978,-1092.28826738168,993.009649804827,879.660180287193,11.9007949311072,1
-690.40922661556,-1075.99989471007,818.349866394782,-1211.82107484658,367.829302845021,2
-729.42710125433,-965.937558073125,961.556463921389,-840.148640076401,714.952273705738,3
311.073354548485,2991.34244642882,312.180129630712,-4.45189060202227,-7335.61282195357,4
-2691.10373204808,3014.05443960366,9.02739997905181,55.0045434672616,-530.953747800147,5
998.100061872386,-1082.75371832172,994.299376850137,873.740022235806,-24.1646018863227,1
-696.372297545555,-1169.10011429543,850.929017694291,-1199.77333270671,357.536269135251,2
-817.026779888938,-1070.86020789461,1006.58102311143,-837.416323436471,700.003509643824,3
319.643940955298,2977.29293902453,236.30678049917,-39.2899643087181,-7423.03436267519,4
-2753.93322353991,2985.031203815,-17.6831214201744,6.79604595122071,-530.976307436978,5
1015.26281823021,-1104.30368283514,1005.22490864096,904.308356641938,-18.7704667652195,1
-585.940974088995,-1014.07301700435,868.910449741415,-1172.81886244794,382.462341391221,2
-805.838351600017,-1056.21254262449,990.93263866688,-835.272980341171,715.032370023806,3
358.86748037267,2964.97092713949,284.132077922341,-1.25283028338781,-7443.34601653792,4
-2737.7420538824,3010.44054619821,-39.4989943186619,34.051765419581,-464.195575225339,5
1018.14828593967,-1086.37410201343,1000.53624383356,916.140807647163,4.24643367646638,1
-657.049312598827,-983.259472602152,956.57897555046,-1150.37574996716,430.87440088657,2
-779.355988241171,-1033.20510122489,1042.04978655328,-795.060049568866,768.024192573743,3
354.754317073922,2989.28342226321,296.920822722221,-7.26120712591913,-7490.98983427242,4
-2763.43854143501,2984.61973219524,-14.0438773130192,29.6959187640083,-430.66980461608,5
1002.68611621799,-1089.19853068248,998.146058036896,894.852503408492,3.79744360559114,1
-613.42070132996,-1061.05276531537,905.105211065319,-1151.26581844439,393.238473840487,2
-822.428681795178,-1102.07314764738,975.466935721016,-820.708635863307,706.086590096313,3
367.383008665153,3001.49450222869,313.358816125066,-9.07891019975039,-7512.84721147763,4
-2770.02777430801,2989.23368630313,-11.6727425838966,39.9566048801506,-395.351096057431,5
990.31590406282,-1093.60898077177,987.916847596311,893.676300929068,5.45137156031962,1
-536.582300304041,-846.572479007857,1014.80107303441,-1131.01908459176,477.610021922953,2
-846.817729209094,-980.812032995182,1019.14913994659,-818.631352610402,744.859564846305,3
435.192182547697,3020.27452599421,296.190212148058,24.7546316965752,-7520.72511873538,4
-2829.62773216499,3000.76328455512,-42.6967757141655,7.25029951518629,-366.436581763969,5
986.428279658108,-1100.42426445048,994.306944856779,912.743990963833,-11.7567703232596,1
-572.071020828613,-965.479566104359,942.117123257788,-1154.34302045136,415.124764983175,2
-868.788019460494,-1027.17888055575,1041.57348713732,-790.465760164178,761.545601436046,3
428.05228923952,3007.91231113394,255.321845307573,-7.79941942040199,-7595.88653117456,4
-2834.99645941583,2967.09002116547,-22.881070096583,8.68103588197556,-331.347417535151,5
1020.561342591,-1094.94705661883,1004.30431738375,905.678491095203,-7.10613439112495,1
-576.905265776348,-937.417650493453,925.796966505373,-1194.94568570091,401.506309987016,2
-885.169562710528,-929.441788786546,1004.53200268473,-795.261341827333,762.751351003959,3
433.211251087197,3014.00053515983,278.975298495544,-11.0779907048236,-7619.07992304093,4
-2834.01385573165,3007.24981229205,10.6846664413893,35.9043348826551,-251.48582861503,5
1008.55253564914,-1088.84237968678,971.404109776043,901.236187857387,-8.42602638296535,1
-533.540302145874,-989.429951488395,914.69916479916,-1169.39533623257,450.912530296514,2
-880.536963615893,-930.134738960709,1025.41801820446,-818.645374140186,754.318663501545,3
467.709584680418,2992.29046171319,252.510098818434,-10.6474595131997,-7676.04089932558,4
-2860.52153850515,2995.67638612979,0.94592956331725,21.7394548064897,-226.922313161334,5
981.519089191678,-1105.70697659716,985.613026961429,867.858095657731,-19.4244266778628,1
-538.500676142868,-1001.74811465895,931.384392770526,-1179.42849617274,417.972670246056,2
-855.800155502116,-989.002382106996,1032.68120907986,-801.471580751454,781.061674347439,3
484.754953079772,2981.65036678626,296.830334718633,-11.0300612775553,-7704.88190120355,4
-2881.72874019869,2996.50610886011,-12.0506973846671,18.2776027037142,-182.74390945168,5
995.983752761892,-1110.22969795753,1010.63307489602,907.013594168465,15.5765175774091,1
-596.722140423796,-891.748122448922,936.223336573693,-1191.40491941058,430.153360517079,2
-864.684199125879,-973.086726599066,1057.87444174883,-785.406392556301,788.551513776156,3
481.994722054018,2980.21201927426,290.253254820532,-24.7572740114653,-7769.61705254073,4
-2886.48292003797,3002.99731750057,4.98088822905081,37.1373591583789,-140.51982194661,5
996.52037866443,-1102.16313629598,973.503246635177,895.54915768358,0.827374196340094,1
-536.794919381256,-1028.29394975988,922.434705887283,-1174.1998447244,444.302916942305,2
-934.372559919973,-1064.48791823654,1000.37368934507,-812.55932170467,773.537291070508,3
513.876882286838,2984.50030659247,281.784120132104,-17.0962772773802,-7799.5312770465,4
-2898.45522864938,2997.62303875676,-12.7501500718407,45.0699229458874,-96.1756127524623,5
1004.78151397423,-1099.00713496617,999.249299030959,910.300430366662,-14.9810093539999,1
-578.634040955082,-1049.89452296585,904.80684330827,-1202.88422841085,426.107656831095,2
-953.328534447974,-1065.09229122236,977.910065227862,-798.683619072407,803.969695818685,3
506.802838951385,3000.65687146349,308.388268528223,-22.1400435868478,-7847.80453236936,4
-2925.13924902414,3022.69644794858,-13.9101711923343,42.7124810382304,-48.2852766246509,5
1002.92800824629,-1105.01118193575,1010.36710333515,904.623665340206,-26.5255390471529,1
-567.05977313773,-966.827633008423,854.721229198004,-1261.99498612257,310.155906558479,2
-976.04383461933,-1052.54019880582,1002.77306760366,-802.272517503735,800.08510659,3
549.16782719463,3021.02655526624,276.822854084307,6.16746028546293,-7871.02860419692,4
-2963.80236144285,2985.48437411634,-37.8403468896074,7.20026780663459,-43.3140205277034,5
982.028960680197,-1101.17923048014,996.610598360051,895.538210240454,46.2401810790739,1
-435.155060066756,-981.283220804302,991.846197903236,-1135.36573900257,485.360489706118,2
-918.532584041309,-1163.28887217901,971.432676378398,-821.536437733071,773.752511278586,3
548.334798333839,2992.41033500142,285.650974779099,-25.5249002394879,-7932.46077967352,4
-2975.22560470842,2990.13618668962,-11.8208279755275,29.4462892979562,8.26762672458171,5
997.242332184771,-1109.79479801479,993.573171481177,897.667376753042,17.878970643035,1
-441.660742497031,-951.184044659427,919.325925582288,-1156.42321176234,429.516871798531,2
-953.500444892457,-979.223246319567,1014.31442445456,-788.535661188137,805.892108011901,3
552.408979307695,3002.11271431749,303.73172840737,-17.0090007416618,-7978.53671706233,4
-2969.3989271806,2993.22481167345,-52.9131191634793,44.2209656532224,49.9314414411813,5
1010.73258087199,-1107.91545458467,1016.53736460858,907.048304995797,15.1379968361624,1
-502.044864880838,-1010.16772103062,921.757404957557,-1185.07899197657,386.788951076342,2
-969.473981174,-1113.65937190642,966.847493293652,-800.264383750636,787.555299527605,3
589.90520375911,3000.70023225327,288.729962607088,-24.7043225826535,-8012.86973002748,4
-2994.39958450963,2988.43160179638,-81.947004516436,16.3832225004509,92.573993286849,5
